time_s,target_hz,actual_hz,torque_nm,power_w
0.0,49.83125,49.83125,0.04953404572564612,7.754529542450003
0.1,49.83332960605621,49.83333672407492,0.10953414603283444,17.14823264674396
0.2,49.84629898071289,49.846311713729946,0.2583943362023365,40.46372791565494
0.3,49.876970934867856,49.87698607983523,0.454684228434685,71.2459144899542
0.4,49.9282958984375,49.92831077368975,0.6632513384680588,104.0339002508344
0.5,50.00000565052032,50.00001811073215,0.855331270025784,134.35517038032398
0.6,50.089257049560544,50.08926548584812,1.0085490922939475,158.70535422281577
0.7,50.191275763511655,50.19127910343693,1.1069199846201248,174.53975608273134
0.8,50.3,50.29999770755363,1.1408498774765126,180.27949715830607
0.9,50.40872423648834,50.408716312118365,1.1071360900651221,175.330115417077
1.0,50.51074295043945,50.51072993103005,1.0089679726967384,160.10721309647806
1.1,50.59999434947967,50.59997730835599,0.855927545383993,136.06210882504584
1.2,50.6717041015625,50.67168464849285,0.6639901378635287,105.70045209372874
1.3,50.72302906513214,50.72300934632586,0.4555250297076911,72.58838428287933
1.4,50.75370101928711,50.75368371739375,0.25929609013641425,41.344087378868686
1.5,50.766670393943784,50.76665872806068,0.1104624175039532,17.61744794964309
1.6,50.76875,50.768747725660255,0.050578980154087724,8.067080524735578
1.7,50.76875,50.76874998689389,0.050466715838562354,8.049175317125483
1.8,50.76875,50.768750002129764,0.05046595940574419,8.049054672491431
1.9,50.76875,50.7687500022322,0.05046595430892899,8.049053859592497
2.0,50.76875,50.768750002232714,0.05046595427458683,8.049053854115186
2.1,50.76875,50.768750002232714,0.05046595427435544,8.04905385407828
2.2,50.76875,50.768750002232714,0.0504659542743539,8.049053854078034
2.3,50.76875,50.768750002232714,0.0504659542743539,8.049053854078034
2.4,50.76875,50.768750002232714,0.0504659542743539,8.049053854078034
2.5,50.76875,50.768750002232714,0.0504659542743539,8.049053854078034
2.6,50.76875,50.768750002232714,0.0504659542743539,8.049053854078034
2.7,50.76875,50.768750002232714,0.0504659542743539,8.049053854078034
2.8,50.76875,50.768750002232714,0.0504659542743539,8.049053854078034
2.9,50.76875,50.768750002232714,0.0504659542743539,8.049053854078034
3.0,50.76875,50.768750002232714,0.0504659542743539,8.049053854078034
3.1,50.76875,50.768750002232714,0.0504659542743539,8.049053854078034
3.2,50.76875,50.768750002232714,0.0504659542743539,8.049053854078034
3.3,50.76875,50.768750002232714,0.0504659542743539,8.049053854078034
3.4,50.76875,50.768750002232714,0.0504659542743539,8.049053854078034
3.5,50.76875,50.768750002232714,0.0504659542743539,8.049053854078034
3.6,50.76875,50.768750002232714,0.0504659542743539,8.049053854078034
3.7,50.76875,50.768750002232714,0.0504659542743539,8.049053854078034
3.8,50.76875,50.768750002232714,0.0504659542743539,8.049053854078034
3.9,50.76875,50.768750002232714,0.0504659542743539,8.049053854078034
4.0,50.76875,50.768750002232714,0.0504659542743539,8.049053854078034
4.1,50.76875,50.768750002232714,0.0504659542743539,8.049053854078034
4.2,50.76875,50.768750002232714,0.0504659542743539,8.049053854078034
4.3,50.76875,50.768750002232714,0.0504659542743539,8.049053854078034
4.4,50.76875,50.768750002232714,0.0504659542743539,8.049053854078034
4.5,50.76875,50.768750002232714,0.0504659542743539,8.049053854078034
4.6,50.76875,50.768750002232714,0.0504659542743539,8.049053854078034
4.7,50.76875,50.768750002232714,0.0504659542743539,8.049053854078034
4.8,50.76875,50.768750002232714,0.0504659542743539,8.049053854078034
4.9,50.76875,50.768750002232714,0.0504659542743539,8.049053854078034
5.0,50.76875,50.768750002232714,0.0504659542743539,8.049053854078034
5.1,50.76875,50.768750002232714,0.0504659542743539,8.049053854078034
5.2,50.76875,50.768750002232714,0.0504659542743539,8.049053854078034
5.3,50.76875,50.768750002232714,0.0504659542743539,8.049053854078034
5.4,50.76875,50.768750002232714,0.0504659542743539,8.049053854078034
5.5,50.76875,50.768750002232714,0.0504659542743539,8.049053854078034
5.6,50.76875,50.768750002232714,0.0504659542743539,8.049053854078034
5.7,50.76875,50.768750002232714,0.0504659542743539,8.049053854078034
5.8,50.76875,50.768750002232714,0.0504659542743539,8.049053854078034
5.9,50.76875,50.768750002232714,0.0504659542743539,8.049053854078034
6.0,50.76875,50.768750002232714,0.0504659542743539,8.049053854078034
6.1,50.76875,50.768750002232714,0.0504659542743539,8.049053854078034
6.2,50.76875,50.768750002232714,0.0504659542743539,8.049053854078034
6.3,50.76875,50.768750002232714,0.0504659542743539,8.049053854078034
6.4,50.76875,50.768750002232714,0.0504659542743539,8.049053854078034
6.5,50.76875,50.768750002232714,0.0504659542743539,8.049053854078034
6.6,50.76875,50.768750002232714,0.0504659542743539,8.049053854078034
6.7,50.76875,50.768750002232714,0.0504659542743539,8.049053854078034
6.8,50.76875,50.768750002232714,0.0504659542743539,8.049053854078034
6.9,50.76875,50.768750002232714,0.0504659542743539,8.049053854078034
7.0,50.76875,50.768750002232714,0.0504659542743539,8.049053854078034
7.1,50.76875,50.768750002232714,0.0504659542743539,8.049053854078034
7.2,50.76875,50.768750002232714,0.0504659542743539,8.049053854078034
7.3,50.76875,50.768750002232714,0.0504659542743539,8.049053854078034
7.4,50.76875,50.768750002232714,0.0504659542743539,8.049053854078034
7.5,50.76875,50.768750002232714,0.0504659542743539,8.049053854078034
7.6,50.76875,50.768750002232714,0.0504659542743539,8.049053854078034
7.7,50.76875,50.768750002232714,0.0504659542743539,8.049053854078034
7.8,50.76875,50.768750002232714,0.0504659542743539,8.049053854078034
7.9,50.76875,50.768750002232714,0.0504659542743539,8.049053854078034
8.0,50.76875,50.768750002232714,0.0504659542743539,8.049053854078034
8.1,50.76875,50.768750002232714,0.0504659542743539,8.049053854078034
8.2,50.76875,50.768750002232714,0.0504659542743539,8.049053854078034
8.3,50.76875,50.768750002232714,0.0504659542743539,8.049053854078034
8.4,50.76875,50.768750002232714,0.0504659542743539,8.049053854078034
8.5,50.76875,50.768750002232714,0.0504659542743539,8.049053854078034
8.6,50.76875,50.768750002232714,0.0504659542743539,8.049053854078034
8.7,50.76875,50.768750002232714,0.0504659542743539,8.049053854078034
8.8,50.76875,50.768750002232714,0.0504659542743539,8.049053854078034
8.9,50.76875,50.768750002232714,0.0504659542743539,8.049053854078034
9.0,50.76875,50.768750002232714,0.0504659542743539,8.049053854078034
9.1,50.76875,50.768750002232714,0.0504659542743539,8.049053854078034
9.2,50.76875,50.768750002232714,0.0504659542743539,8.049053854078034
9.3,50.76875,50.768750002232714,0.0504659542743539,8.049053854078034
9.4,50.76875,50.768750002232714,0.0504659542743539,8.049053854078034
9.5,50.76875,50.768750002232714,0.0504659542743539,8.049053854078034
9.6,50.76875,50.768750002232714,0.0504659542743539,8.049053854078034
9.7,50.76875,50.768750002232714,0.0504659542743539,8.049053854078034
9.8,50.76875,50.768750002232714,0.0504659542743539,8.049053854078034
9.9,50.76875,50.768750002232714,0.0504659542743539,8.049053854078034
10.0,50.76875,50.768750002232714,0.0504659542743539,8.049053854078034
10.1,50.76875,50.768750002232714,0.0504659542743539,8.049053854078034
10.2,50.76875,50.768750002232714,0.0504659542743539,8.049053854078034
10.3,50.76875,50.768750002232714,0.0504659542743539,8.049053854078034
10.4,50.76875,50.768750002232714,0.0504659542743539,8.049053854078034
10.5,50.76875,50.768750002232714,0.0504659542743539,8.049053854078034
10.6,50.76875,50.768750002232714,0.0504659542743539,8.049053854078034
10.7,50.76875,50.768750002232714,0.0504659542743539,8.049053854078034
10.8,50.76875,50.768750002232714,0.0504659542743539,8.049053854078034
10.9,50.76875,50.768750002232714,0.0504659542743539,8.049053854078034
11.0,50.76875,50.768750002232714,0.0504659542743539,8.049053854078034
11.1,50.76875,50.768750002232714,0.0504659542743539,8.049053854078034
11.2,50.76875,50.768750002232714,0.0504659542743539,8.049053854078034
11.3,50.76875,50.768750002232714,0.0504659542743539,8.049053854078034
11.4,50.76875,50.768750002232714,0.0504659542743539,8.049053854078034
11.5,50.76875,50.768750002232714,0.0504659542743539,8.049053854078034
11.6,50.76875,50.768750002232714,0.0504659542743539,8.049053854078034
11.7,50.76875,50.768750002232714,0.0504659542743539,8.049053854078034
11.8,50.76875,50.768750002232714,0.0504659542743539,8.049053854078034
11.9,50.76875,50.768750002232714,0.0504659542743539,8.049053854078034
12.0,50.76875,50.768750002232714,0.0504659542743539,8.049053854078034
12.1,50.76875,50.768750002232714,0.0504659542743539,8.049053854078034
12.2,50.76875,50.768750002232714,0.0504659542743539,8.049053854078034
12.3,50.76875,50.768750002232714,0.0504659542743539,8.049053854078034
12.4,50.76875,50.768750002232714,0.0504659542743539,8.049053854078034
12.5,50.76875,50.768750002232714,0.0504659542743539,8.049053854078034
12.6,50.76875,50.768750002232714,0.0504659542743539,8.049053854078034
12.7,50.76875,50.768750002232714,0.0504659542743539,8.049053854078034
12.8,50.76875,50.768750002232714,0.0504659542743539,8.049053854078034
12.9,50.76875,50.768750002232714,0.0504659542743539,8.049053854078034
13.0,50.76875,50.768750002232714,0.0504659542743539,8.049053854078034
13.1,50.76875,50.768750002232714,0.0504659542743539,8.049053854078034
13.2,50.76875,50.768750002232714,0.0504659542743539,8.049053854078034
13.3,50.76875,50.768750002232714,0.0504659542743539,8.049053854078034
13.4,50.76875,50.768750002232714,0.0504659542743539,8.049053854078034
13.5,50.76875,50.768750002232714,0.0504659542743539,8.049053854078034
13.6,50.76875,50.768750002232714,0.0504659542743539,8.049053854078034
13.7,50.76875,50.768750002232714,0.0504659542743539,8.049053854078034
13.8,50.76875,50.768750002232714,0.0504659542743539,8.049053854078034
13.9,50.76875,50.768750002232714,0.0504659542743539,8.049053854078034
14.0,50.76875,50.768750002232714,0.0504659542743539,8.049053854078034
14.1,50.76875,50.768750002232714,0.0504659542743539,8.049053854078034
14.2,50.76875,50.768750002232714,0.0504659542743539,8.049053854078034
14.3,50.76875,50.768750002232714,0.0504659542743539,8.049053854078034
14.4,50.76875,50.768750002232714,0.0504659542743539,8.049053854078034
14.5,50.76875,50.768750002232714,0.0504659542743539,8.049053854078034
14.6,50.76875,50.768750002232714,0.0504659542743539,8.049053854078034
14.7,50.76875,50.768750002232714,0.0504659542743539,8.049053854078034
14.8,50.76875,50.768750002232714,0.0504659542743539,8.049053854078034
14.9,50.76875,50.768750002232714,0.0504659542743539,8.049053854078034
15.0,50.76875,50.768750002232714,0.0504659542743539,8.049053854078034
15.1,50.76875,50.768750002232714,0.0504659542743539,8.049053854078034
15.2,50.76875,50.768750002232714,0.0504659542743539,8.049053854078034
15.3,50.76875,50.768750002232714,0.0504659542743539,8.049053854078034
15.4,50.76875,50.768750002232714,0.0504659542743539,8.049053854078034
15.5,50.76875,50.768750002232714,0.0504659542743539,8.049053854078034
15.6,50.76875,50.768750002232714,0.0504659542743539,8.049053854078034
15.7,50.76875,50.768750002232714,0.0504659542743539,8.049053854078034
15.8,50.76875,50.768750002232714,0.0504659542743539,8.049053854078034
15.9,50.76875,50.768750002232714,0.0504659542743539,8.049053854078034
16.0,50.76875,50.768750002232714,0.0504659542743539,8.049053854078034
16.1,50.76840339899063,50.76840221488523,0.0404659376262054,6.454059665063176
16.2,50.76624183654785,50.766239716611786,0.01565590580123492,2.4969110335054943
16.3,50.76112984418869,50.76112732225964,-0.017059076184260853,-2.7204242650804873
16.4,50.75257568359375,50.75257320661638,-0.051820261158749395,-8.262425115275406
16.5,50.74062405824661,50.74062198377566,-0.08383358307853356,-13.363606765506542
16.6,50.72574882507324,50.72574742125625,-0.1093698867987892,-17.429145289076743
16.7,50.70874570608139,50.70874515165694,-0.12576503547237883,-20.03515256537046
16.8,50.690625,50.69062538430385,-0.13142001760925975,-20.928545325743134
16.9,50.67250429391861,50.672505616875206,-0.12580105299250133,-20.02656794860164
17.0,50.655501174926755,50.655503347057554,-0.10943970015667018,-17.41611975691594
17.1,50.640625941753385,50.6406287841703,-0.08393296230302626,-13.35308192183871
17.2,50.62867431640625,50.62867756081384,-0.05194339437853432,-8.261840048180455
17.3,50.62012015581131,50.62012344450898,-0.017199209726916534,-2.7351526211216037
17.4,50.615008163452146,50.61501104933193,0.015505613478652775,2.4655746855928022
17.5,50.612846601009366,50.61284854755444,0.04031122555540773,6.409684531834231
17.6,50.6125,50.612500381287504,0.050291798452942515,7.996590049061463
17.7,50.6125,50.61250000441332,0.05031050925485237,7.999565079210285
17.8,50.6125,50.61250000187378,0.05031063532766544,7.999585124872587
17.9,50.6125,50.612500001856475,0.05031063617714001,7.999585259939586
18.0,50.6125,50.61250000185623,0.050310636182863744,7.999585260849643
18.1,50.6125,50.61250000185623,0.05031063618290232,7.999585260855777
18.2,50.6125,50.61250000185623,0.05031063618290254,7.999585260855812
18.3,50.6125,50.61250000185623,0.05031063618290254,7.999585260855812
18.4,50.6125,50.61250000185623,0.05031063618290254,7.999585260855812
18.5,50.6125,50.61250000185623,0.05031063618290254,7.999585260855812
18.6,50.6125,50.61250000185623,0.05031063618290254,7.999585260855812
18.7,50.6125,50.61250000185623,0.05031063618290254,7.999585260855812
18.8,50.6125,50.61250000185623,0.05031063618290254,7.999585260855812
18.9,50.6125,50.61250000185623,0.05031063618290254,7.999585260855812
19.0,50.6125,50.61250000185623,0.05031063618290254,7.999585260855812
19.1,50.6125,50.61250000185623,0.05031063618290254,7.999585260855812
19.2,50.6125,50.61250000185623,0.05031063618290254,7.999585260855812
19.3,50.6125,50.61250000185623,0.05031063618290254,7.999585260855812
19.4,50.6125,50.61250000185623,0.05031063618290254,7.999585260855812
19.5,50.6125,50.61250000185623,0.05031063618290254,7.999585260855812
19.6,50.6125,50.61250000185623,0.05031063618290254,7.999585260855812
19.7,50.6125,50.61250000185623,0.05031063618290254,7.999585260855812
19.8,50.6125,50.61250000185623,0.05031063618290254,7.999585260855812
19.9,50.6125,50.61250000185623,0.05031063618290254,7.999585260855812
20.0,50.6125,50.61250000185623,0.05031063618290254,7.999585260855812
20.1,50.6125,50.61250000185623,0.05031063618290254,7.999585260855812
20.2,50.6125,50.61250000185623,0.05031063618290254,7.999585260855812
20.3,50.6125,50.61250000185623,0.05031063618290254,7.999585260855812
20.4,50.6125,50.61250000185623,0.05031063618290254,7.999585260855812
20.5,50.6125,50.61250000185623,0.05031063618290254,7.999585260855812
20.6,50.6125,50.61250000185623,0.05031063618290254,7.999585260855812
20.7,50.6125,50.61250000185623,0.05031063618290254,7.999585260855812
20.8,50.6125,50.61250000185623,0.05031063618290254,7.999585260855812
20.9,50.6125,50.61250000185623,0.05031063618290254,7.999585260855812
21.0,50.6125,50.61250000185623,0.05031063618290254,7.999585260855812
21.1,50.6125,50.61250000185623,0.05031063618290254,7.999585260855812
21.2,50.6125,50.61250000185623,0.05031063618290254,7.999585260855812
21.3,50.6125,50.61250000185623,0.05031063618290254,7.999585260855812
21.4,50.6125,50.61250000185623,0.05031063618290254,7.999585260855812
21.5,50.6125,50.61250000185623,0.05031063618290254,7.999585260855812
21.6,50.6125,50.61250000185623,0.05031063618290254,7.999585260855812
21.7,50.6125,50.61250000185623,0.05031063618290254,7.999585260855812
21.8,50.6125,50.61250000185623,0.05031063618290254,7.999585260855812
21.9,50.6125,50.61250000185623,0.05031063618290254,7.999585260855812
22.0,50.6125,50.61250000185623,0.05031063618290254,7.999585260855812
22.1,50.6125,50.61250000185623,0.05031063618290254,7.999585260855812
22.2,50.6125,50.61250000185623,0.05031063618290254,7.999585260855812
22.3,50.6125,50.61250000185623,0.05031063618290254,7.999585260855812
22.4,50.6125,50.61250000185623,0.05031063618290254,7.999585260855812
22.5,50.6125,50.61250000185623,0.05031063618290254,7.999585260855812
22.6,50.6125,50.61250000185623,0.05031063618290254,7.999585260855812
22.7,50.6125,50.61250000185623,0.05031063618290254,7.999585260855812
22.8,50.6125,50.61250000185623,0.05031063618290254,7.999585260855812
22.9,50.6125,50.61250000185623,0.05031063618290254,7.999585260855812
23.0,50.6125,50.61250000185623,0.05031063618290254,7.999585260855812
23.1,50.6125,50.61250000185623,0.05031063618290254,7.999585260855812
23.2,50.6125,50.61250000185623,0.05031063618290254,7.999585260855812
23.3,50.6125,50.61250000185623,0.05031063618290254,7.999585260855812
23.4,50.6125,50.61250000185623,0.05031063618290254,7.999585260855812
23.5,50.6125,50.61250000185623,0.05031063618290254,7.999585260855812
23.6,50.6125,50.61250000185623,0.05031063618290254,7.999585260855812
23.7,50.6125,50.61250000185623,0.05031063618290254,7.999585260855812
23.8,50.6125,50.61250000185623,0.05031063618290254,7.999585260855812
23.9,50.6125,50.61250000185623,0.05031063618290254,7.999585260855812
24.0,50.6125,50.61250000185623,0.05031063618290254,7.999585260855812
24.1,50.612846601009366,50.612847789203286,0.06031065283105103,9.589692385623776
24.2,50.615008163452146,50.61501028747632,0.08512068465602153,13.535188558529144
24.3,50.62012015581131,50.62012268182809,0.1178356666415173,18.739147480466638
24.4,50.62867431640625,50.62867679747094,0.1525968516160058,24.271243263608724
24.5,50.640625941753385,50.64062802031128,0.18461017353578998,29.370043258389764
24.6,50.655501174926755,50.655502582830216,0.2101464772560456,33.442490740830685
24.7,50.67250429391861,50.67250485242913,0.22654162592963525,36.06369810508636
24.8,50.690625,50.69062461978183,0.2321966080665162,36.977145883211186
24.9,50.70874570608139,50.708744387210054,0.22657764344975775,36.0952276515729
25.0,50.72574882507324,50.72574665702729,0.21021629061392663,33.49999093243707
25.1,50.74062405824661,50.74062121991414,0.1847095527602827,29.443877991580006
25.2,50.75257568359375,50.752572443270175,0.15271998483579075,24.350271324712295
25.3,50.76112984418869,50.761126559574635,0.11797580018417297,18.813693146364017
25.4,50.76624183654785,50.766238954751245,0.08527097697860367,13.599598947741782
25.5,50.76840339899063,50.768401456528295,0.0604653649018487,9.643840963771016
25.6,50.76875,50.768749622794815,0.05048479200431393,8.052058312590374
25.7,50.76875,50.76874999966855,0.05046608120240407,8.049074098026852
25.8,50.76875,50.768750002207675,0.050465955129591,8.049053990479875
25.9,50.76875,50.76875000222458,0.05046595428011643,8.049053854995837
26.0,50.76875,50.76875000222459,0.050465954274392696,8.049053854082933
26.1,50.76875,50.76875000222459,0.05046595427435412,8.049053854076782
26.2,50.76875,50.76875000222459,0.0504659542743539,8.049053854076746
26.3,50.76875,50.76875000222459,0.0504659542743539,8.049053854076746
26.4,50.76875,50.76875000222459,0.0504659542743539,8.049053854076746
26.5,50.76875,50.76875000222459,0.0504659542743539,8.049053854076746
26.6,50.76875,50.76875000222459,0.0504659542743539,8.049053854076746
26.7,50.76875,50.76875000222459,0.0504659542743539,8.049053854076746
26.8,50.76875,50.76875000222459,0.0504659542743539,8.049053854076746
26.9,50.76875,50.76875000222459,0.0504659542743539,8.049053854076746
27.0,50.76875,50.76875000222459,0.0504659542743539,8.049053854076746
27.1,50.76875,50.76875000222459,0.0504659542743539,8.049053854076746
27.2,50.76875,50.76875000222459,0.0504659542743539,8.049053854076746
27.3,50.76875,50.76875000222459,0.0504659542743539,8.049053854076746
27.4,50.76875,50.76875000222459,0.0504659542743539,8.049053854076746
27.5,50.76875,50.76875000222459,0.0504659542743539,8.049053854076746
27.6,50.76875,50.76875000222459,0.0504659542743539,8.049053854076746
27.7,50.76875,50.76875000222459,0.0504659542743539,8.049053854076746
27.8,50.76875,50.76875000222459,0.0504659542743539,8.049053854076746
27.9,50.76875,50.76875000222459,0.0504659542743539,8.049053854076746
28.0,50.76875,50.76875000222459,0.0504659542743539,8.049053854076746
28.1,50.76875,50.76875000222459,0.0504659542743539,8.049053854076746
28.2,50.76875,50.76875000222459,0.0504659542743539,8.049053854076746
28.3,50.76875,50.76875000222459,0.0504659542743539,8.049053854076746
28.4,50.76875,50.76875000222459,0.0504659542743539,8.049053854076746
28.5,50.76875,50.76875000222459,0.0504659542743539,8.049053854076746
28.6,50.76875,50.76875000222459,0.0504659542743539,8.049053854076746
28.7,50.76875,50.76875000222459,0.0504659542743539,8.049053854076746
28.8,50.76875,50.76875000222459,0.0504659542743539,8.049053854076746
28.9,50.76875,50.76875000222459,0.0504659542743539,8.049053854076746
29.0,50.76875,50.76875000222459,0.0504659542743539,8.049053854076746
29.1,50.76875,50.76875000222459,0.0504659542743539,8.049053854076746
29.2,50.76875,50.76875000222459,0.0504659542743539,8.049053854076746
29.3,50.76875,50.76875000222459,0.0504659542743539,8.049053854076746
29.4,50.76875,50.76875000222459,0.0504659542743539,8.049053854076746
29.5,50.76875,50.76875000222459,0.0504659542743539,8.049053854076746
29.6,50.76875,50.76875000222459,0.0504659542743539,8.049053854076746
29.7,50.76875,50.76875000222459,0.0504659542743539,8.049053854076746
29.8,50.76875,50.76875000222459,0.0504659542743539,8.049053854076746
29.9,50.76875,50.76875000222459,0.0504659542743539,8.049053854076746
30.0,50.76875,50.76875000222459,0.0504659542743539,8.049053854076746
30.1,50.76875,50.76875000222459,0.0504659542743539,8.049053854076746
30.2,50.76875,50.76875000222459,0.0504659542743539,8.049053854076746
30.3,50.76875,50.76875000222459,0.0504659542743539,8.049053854076746
30.4,50.76875,50.76875000222459,0.0504659542743539,8.049053854076746
30.5,50.76875,50.76875000222459,0.0504659542743539,8.049053854076746
30.6,50.76875,50.76875000222459,0.0504659542743539,8.049053854076746
30.7,50.76875,50.76875000222459,0.0504659542743539,8.049053854076746
30.8,50.76875,50.76875000222459,0.0504659542743539,8.049053854076746
30.9,50.76875,50.76875000222459,0.0504659542743539,8.049053854076746
31.0,50.76875,50.76875000222459,0.0504659542743539,8.049053854076746
31.1,50.76875,50.76875000222459,0.0504659542743539,8.049053854076746
31.2,50.76875,50.76875000222459,0.0504659542743539,8.049053854076746
31.3,50.76875,50.76875000222459,0.0504659542743539,8.049053854076746
31.4,50.76875,50.76875000222459,0.0504659542743539,8.049053854076746
31.5,50.76875,50.76875000222459,0.0504659542743539,8.049053854076746
31.6,50.76875,50.76875000222459,0.0504659542743539,8.049053854076746
31.7,50.76875,50.76875000222459,0.0504659542743539,8.049053854076746
31.8,50.76875,50.76875000222459,0.0504659542743539,8.049053854076746
31.9,50.76875,50.76875000222459,0.0504659542743539,8.049053854076746
32.0,50.76875,50.76875000222459,0.0504659542743539,8.049053854076746
32.1,50.76805679798126,50.76805442753537,0.030465920705679297,4.85908728476579
32.2,50.7637336730957,50.76372943098303,-0.01915414266077204,-3.0546827406813843
32.3,50.75350968837738,50.75350464228019,-0.08458410669580645,-13.486668300870843
32.4,50.7364013671875,50.73639641099253,-0.1541064765777645,-24.563507526864093
32.5,50.71249811649322,50.712493965309946,-0.21813312035279983,-34.752532138252214
32.6,50.68274765014648,50.682744840269834,-0.26920572771468854,-42.864157852215385
32.7,50.64874141216278,50.64874030107533,-0.30199602525539626,-48.052916101656585
32.8,50.6125,50.61250076636405,-0.31330598926829495,-49.81686183881876
32.9,50.576258587837216,50.576261231509676,-0.3020680601687738,-47.99559732169344
33.0,50.54225234985351,50.54225669187397,-0.2693453544655076,-42.76751252488337
33.1,50.51250188350677,50.51250756609972,-0.2183318787587852,-34.64702529332094
33.2,50.4885986328125,50.488605119389476,-0.1543527430323389,-24.482603369581426
33.3,50.47149031162262,50.47149688678042,-0.08486437375354813,-13.45617010848245
33.4,50.461266326904294,50.461272096427,-0.019454727368489626,-3.084133839111504
33.5,50.456943202018735,50.45694709287481,0.030156496659187515,4.780262324496302
33.6,50.45625,50.45625076034526,0.050117642249801905,7.9442971601993895
33.7,50.45625,50.45625000658957,0.05015506423265822,7.950228911703935
33.8,50.45625,50.456250001510625,0.05015531638095726,7.950268879683036
33.9,50.45625,50.45625000147629,0.05015531807992602,7.950269148986236
34.0,50.45625,50.456250001475986,0.05015531809137363,7.950269150800782
34.1,50.45625,50.456250001475986,0.05015531809145077,7.95026915081301
34.2,50.45625,50.456250001475986,0.05015531809145125,7.950269150813085
34.3,50.45625,50.456250001475986,0.05015531809145125,7.950269150813085
34.4,50.45625,50.456250001475986,0.05015531809145125,7.950269150813085
34.5,50.45625,50.456250001475986,0.05015531809145125,7.950269150813085
34.6,50.45625,50.456250001475986,0.05015531809145125,7.950269150813085
34.7,50.45625,50.456250001475986,0.05015531809145125,7.950269150813085
34.8,50.45625,50.456250001475986,0.05015531809145125,7.950269150813085
34.9,50.45625,50.456250001475986,0.05015531809145125,7.950269150813085
35.0,50.45625,50.456250001475986,0.05015531809145125,7.950269150813085
35.1,50.45625,50.456250001475986,0.05015531809145125,7.950269150813085
35.2,50.45625,50.456250001475986,0.05015531809145125,7.950269150813085
35.3,50.45625,50.456250001475986,0.05015531809145125,7.950269150813085
35.4,50.45625,50.456250001475986,0.05015531809145125,7.950269150813085
35.5,50.45625,50.456250001475986,0.05015531809145125,7.950269150813085
35.6,50.45625,50.456250001475986,0.05015531809145125,7.950269150813085
35.7,50.45625,50.456250001475986,0.05015531809145125,7.950269150813085
35.8,50.45625,50.456250001475986,0.05015531809145125,7.950269150813085
35.9,50.45625,50.456250001475986,0.05015531809145125,7.950269150813085
36.0,50.45625,50.456250001475986,0.05015531809145125,7.950269150813085
36.1,50.45625,50.456250001475986,0.05015531809145125,7.950269150813085
36.2,50.45625,50.456250001475986,0.05015531809145125,7.950269150813085
36.3,50.45625,50.456250001475986,0.05015531809145125,7.950269150813085
36.4,50.45625,50.456250001475986,0.05015531809145125,7.950269150813085
36.5,50.45625,50.456250001475986,0.05015531809145125,7.950269150813085
36.6,50.45625,50.456250001475986,0.05015531809145125,7.950269150813085
36.7,50.45625,50.456250001475986,0.05015531809145125,7.950269150813085
36.8,50.45625,50.456250001475986,0.05015531809145125,7.950269150813085
36.9,50.45625,50.456250001475986,0.05015531809145125,7.950269150813085
37.0,50.45625,50.456250001475986,0.05015531809145125,7.950269150813085
37.1,50.45625,50.456250001475986,0.05015531809145125,7.950269150813085
37.2,50.45625,50.456250001475986,0.05015531809145125,7.950269150813085
37.3,50.45625,50.456250001475986,0.05015531809145125,7.950269150813085
37.4,50.45625,50.456250001475986,0.05015531809145125,7.950269150813085
37.5,50.45625,50.456250001475986,0.05015531809145125,7.950269150813085
37.6,50.45625,50.456250001475986,0.05015531809145125,7.950269150813085
37.7,50.45625,50.456250001475986,0.05015531809145125,7.950269150813085
37.8,50.45625,50.456250001475986,0.05015531809145125,7.950269150813085
37.9,50.45625,50.456250001475986,0.05015531809145125,7.950269150813085
38.0,50.45625,50.456250001475986,0.05015531809145125,7.950269150813085
38.1,50.45625,50.456250001475986,0.05015531809145125,7.950269150813085
38.2,50.45625,50.456250001475986,0.05015531809145125,7.950269150813085
38.3,50.45625,50.456250001475986,0.05015531809145125,7.950269150813085
38.4,50.45625,50.456250001475986,0.05015531809145125,7.950269150813085
38.5,50.45625,50.456250001475986,0.05015531809145125,7.950269150813085
38.6,50.45625,50.456250001475986,0.05015531809145125,7.950269150813085
38.7,50.45625,50.456250001475986,0.05015531809145125,7.950269150813085
38.8,50.45625,50.456250001475986,0.05015531809145125,7.950269150813085
38.9,50.45625,50.456250001475986,0.05015531809145125,7.950269150813085
39.0,50.45625,50.456250001475986,0.05015531809145125,7.950269150813085
39.1,50.45625,50.456250001475986,0.05015531809145125,7.950269150813085
39.2,50.45625,50.456250001475986,0.05015531809145125,7.950269150813085
39.3,50.45625,50.456250001475986,0.05015531809145125,7.950269150813085
39.4,50.45625,50.456250001475986,0.05015531809145125,7.950269150813085
39.5,50.45625,50.456250001475986,0.05015531809145125,7.950269150813085
39.6,50.45625,50.456250001475986,0.05015531809145125,7.950269150813085
39.7,50.45625,50.456250001475986,0.05015531809145125,7.950269150813085
39.8,50.45625,50.456250001475986,0.05015531809145125,7.950269150813085
39.9,50.45625,50.456250001475986,0.05015531809145125,7.950269150813085
40.0,50.45625,50.456250001475986,0.05015531809145125,7.950269150813085
40.1,50.456943202018735,50.456945576164806,0.07015535166012583,11.120687462870047
40.2,50.461266326904294,50.46127057271681,0.11977541502657721,18.98784765398639
40.3,50.47149031162262,50.471495361419294,0.18520537906161155,29.36632770752452
40.4,50.4885986328125,50.48860359270658,0.25472774894356964,40.40354666536677
40.5,50.51250188350677,50.51250603838881,0.31875439271860495,50.58304465499635
40.6,50.54225234985351,50.54225516342852,0.3698270000804937,58.72230620446705
40.7,50.576258587837216,50.576259702622664,0.4026172976212014,63.971864805671075
40.8,50.6125,50.61249923733354,0.4139272616341001,65.81603061386248
40.9,50.64874141216278,50.648738772187556,0.40268933253457895,64.07500267872317
41.0,50.68274765014648,50.68274331182288,0.36996662683131276,58.90776377207993
41.1,50.71249811649322,50.712492437596765,0.3189531511245904,50.81497611737428
41.2,50.7364013671875,50.73639488430664,0.254974015398144,40.64109502086926
41.3,50.75350968837738,50.75350311691537,0.18548564611935328,29.57509875463318
41.4,50.7637336730957,50.7637279072684,0.12007599973429478,19.149594917656614
41.5,50.76805679798126,50.76805291082022,0.07046477570661765,11.238606203255316
41.6,50.76875,50.76874924334942,0.05050363011600325,8.055062831940424
41.7,50.76875,50.76874999710472,0.05046620813314693,8.049094342405189
41.8,50.76875,50.768750002183296,0.05046595598484789,8.049054126884979
41.9,50.76875,50.768750002217296,0.050465954285879126,8.049053855913801
42.0,50.76875,50.7687500022174,0.05046595427443152,8.049053854087985
42.1,50.76875,50.7687500022174,0.05046595427435438,8.049053854075682
42.2,50.76875,50.7687500022174,0.0504659542743539,8.049053854075606
42.3,50.76875,50.7687500022174,0.0504659542743539,8.049053854075606
42.4,50.76875,50.7687500022174,0.0504659542743539,8.049053854075606
42.5,50.76875,50.7687500022174,0.0504659542743539,8.049053854075606
42.6,50.76875,50.7687500022174,0.0504659542743539,8.049053854075606
42.7,50.76875,50.7687500022174,0.0504659542743539,8.049053854075606
42.8,50.76875,50.7687500022174,0.0504659542743539,8.049053854075606
42.9,50.76875,50.7687500022174,0.0504659542743539,8.049053854075606
43.0,50.76875,50.7687500022174,0.0504659542743539,8.049053854075606
43.1,50.76875,50.7687500022174,0.0504659542743539,8.049053854075606
43.2,50.76875,50.7687500022174,0.0504659542743539,8.049053854075606
43.3,50.76875,50.7687500022174,0.0504659542743539,8.049053854075606
43.4,50.76875,50.7687500022174,0.0504659542743539,8.049053854075606
43.5,50.76875,50.7687500022174,0.0504659542743539,8.049053854075606
43.6,50.76875,50.7687500022174,0.0504659542743539,8.049053854075606
43.7,50.76875,50.7687500022174,0.0504659542743539,8.049053854075606
43.8,50.76875,50.7687500022174,0.0504659542743539,8.049053854075606
43.9,50.76875,50.7687500022174,0.0504659542743539,8.049053854075606
44.0,50.76875,50.7687500022174,0.0504659542743539,8.049053854075606
44.1,50.76875,50.7687500022174,0.0504659542743539,8.049053854075606
44.2,50.76875,50.7687500022174,0.0504659542743539,8.049053854075606
44.3,50.76875,50.7687500022174,0.0504659542743539,8.049053854075606
44.4,50.76875,50.7687500022174,0.0504659542743539,8.049053854075606
44.5,50.76875,50.7687500022174,0.0504659542743539,8.049053854075606
44.6,50.76875,50.7687500022174,0.0504659542743539,8.049053854075606
44.7,50.76875,50.7687500022174,0.0504659542743539,8.049053854075606
44.8,50.76875,50.7687500022174,0.0504659542743539,8.049053854075606
44.9,50.76875,50.7687500022174,0.0504659542743539,8.049053854075606
45.0,50.76875,50.7687500022174,0.0504659542743539,8.049053854075606
45.1,50.76875,50.7687500022174,0.0504659542743539,8.049053854075606
45.2,50.76875,50.7687500022174,0.0504659542743539,8.049053854075606
45.3,50.76875,50.7687500022174,0.0504659542743539,8.049053854075606
45.4,50.76875,50.7687500022174,0.0504659542743539,8.049053854075606
45.5,50.76875,50.7687500022174,0.0504659542743539,8.049053854075606
45.6,50.76875,50.7687500022174,0.0504659542743539,8.049053854075606
45.7,50.76875,50.7687500022174,0.0504659542743539,8.049053854075606
45.8,50.76875,50.7687500022174,0.0504659542743539,8.049053854075606
45.9,50.76875,50.7687500022174,0.0504659542743539,8.049053854075606
46.0,50.76875,50.7687500022174,0.0504659542743539,8.049053854075606
46.1,50.76875,50.7687500022174,0.0504659542743539,8.049053854075606
46.2,50.76875,50.7687500022174,0.0504659542743539,8.049053854075606
46.3,50.76875,50.7687500022174,0.0504659542743539,8.049053854075606
46.4,50.76875,50.7687500022174,0.0504659542743539,8.049053854075606
46.5,50.76875,50.7687500022174,0.0504659542743539,8.049053854075606
46.6,50.76875,50.7687500022174,0.0504659542743539,8.049053854075606
46.7,50.76875,50.7687500022174,0.0504659542743539,8.049053854075606
46.8,50.76875,50.7687500022174,0.0504659542743539,8.049053854075606
46.9,50.76875,50.7687500022174,0.0504659542743539,8.049053854075606
47.0,50.76875,50.7687500022174,0.0504659542743539,8.049053854075606
47.1,50.76875,50.7687500022174,0.0504659542743539,8.049053854075606
47.2,50.76875,50.7687500022174,0.0504659542743539,8.049053854075606
47.3,50.76875,50.7687500022174,0.0504659542743539,8.049053854075606
47.4,50.76875,50.7687500022174,0.0504659542743539,8.049053854075606
47.5,50.76875,50.7687500022174,0.0504659542743539,8.049053854075606
47.6,50.76875,50.7687500022174,0.0504659542743539,8.049053854075606
47.7,50.76875,50.7687500022174,0.0504659542743539,8.049053854075606
47.8,50.76875,50.7687500022174,0.0504659542743539,8.049053854075606
47.9,50.76875,50.7687500022174,0.0504659542743539,8.049053854075606
48.0,50.76875,50.7687500022174,0.0504659542743539,8.049053854075606
48.1,50.76771019697189,50.76770664018369,0.020465903921342024,3.2641367783498842
48.2,50.76122550964355,50.76121914535528,-0.053964191128335,-8.605727471139861
48.3,50.74588953256607,50.7458819623011,-0.15210913718088656,-24.249678240630796
48.4,50.72022705078125,50.72021961536978,-0.25639269200382364,-40.854193384057126
48.5,50.684372174739835,50.68436594684598,-0.35243265766637666,-56.1177222829586
48.6,50.639746475219724,50.63974225928593,-0.4290415687092098,-68.25598387292717
48.7,50.58873711824417,50.58873545049426,-0.4782270150202713,-76.00423674610967
48.8,50.534375,50.53437614842751,-0.4951919610396194,-78.61589573879813
48.9,50.480012881755826,50.480016846146086,-0.47833506739033765,-75.85803428682912
49.0,50.42900352478027,50.42901003669262,-0.42925100883543843,-68.00512447899293
49.1,50.38437782526016,50.38438634803136,-0.3527307952753548,-55.83277628939331
49.2,50.34852294921875,50.34853267796613,-0.2567620916856852,-40.61323610990619
49.3,50.32286046743393,50.32287032905262,-0.15252953776749914,-24.1139986019544
49.4,50.30752449035644,50.30753314352261,-0.05441506818991137,-8.600071707764666
49.5,50.301039803028104,50.30104563819443,0.020001767851604346,3.160787274345595
49.6,50.3,50.30000113940024,0.049943486237525925,7.892175278535539
49.7,50.3,50.30000000876677,0.04999961921181038,7.901045352202032
49.8,50.3,50.3000000011485,0.049999997434258946,7.901105118514919
49.9,50.3,50.30000000109709,0.04999999998271209,7.901105521218788
50.0,50.3,50.30000000109668,0.0499999999998835,7.901105523932185
50.1,50.3,50.30000000109668,0.049999999999999205,7.901105523950469
50.2,50.3,50.30000000109668,0.049999999999999954,7.901105523950588
50.3,50.3,50.30000000109668,0.049999999999999954,7.901105523950588
50.4,50.3,50.30000000109668,0.049999999999999954,7.901105523950588
50.5,50.3,50.30000000109668,0.049999999999999954,7.901105523950588
50.6,50.3,50.30000000109668,0.049999999999999954,7.901105523950588
50.7,50.3,50.30000000109668,0.049999999999999954,7.901105523950588
50.8,50.3,50.30000000109668,0.049999999999999954,7.901105523950588
50.9,50.3,50.30000000109668,0.049999999999999954,7.901105523950588
51.0,50.3,50.30000000109668,0.049999999999999954,7.901105523950588
51.1,50.3,50.30000000109668,0.049999999999999954,7.901105523950588
51.2,50.3,50.30000000109668,0.049999999999999954,7.901105523950588
51.3,50.3,50.30000000109668,0.049999999999999954,7.901105523950588
51.4,50.3,50.30000000109668,0.049999999999999954,7.901105523950588
51.5,50.3,50.30000000109668,0.049999999999999954,7.901105523950588
51.6,50.3,50.30000000109668,0.049999999999999954,7.901105523950588
51.7,50.3,50.30000000109668,0.049999999999999954,7.901105523950588
51.8,50.3,50.30000000109668,0.049999999999999954,7.901105523950588
51.9,50.3,50.30000000109668,0.049999999999999954,7.901105523950588
52.0,50.3,50.30000000109668,0.049999999999999954,7.901105523950588
52.1,50.3,50.30000000109668,0.049999999999999954,7.901105523950588
52.2,50.3,50.30000000109668,0.049999999999999954,7.901105523950588
52.3,50.3,50.30000000109668,0.049999999999999954,7.901105523950588
52.4,50.3,50.30000000109668,0.049999999999999954,7.901105523950588
52.5,50.3,50.30000000109668,0.049999999999999954,7.901105523950588
52.6,50.3,50.30000000109668,0.049999999999999954,7.901105523950588
52.7,50.3,50.30000000109668,0.049999999999999954,7.901105523950588
52.8,50.3,50.30000000109668,0.049999999999999954,7.901105523950588
52.9,50.3,50.30000000109668,0.049999999999999954,7.901105523950588
53.0,50.3,50.30000000109668,0.049999999999999954,7.901105523950588
53.1,50.3,50.30000000109668,0.049999999999999954,7.901105523950588
53.2,50.3,50.30000000109668,0.049999999999999954,7.901105523950588
53.3,50.3,50.30000000109668,0.049999999999999954,7.901105523950588
53.4,50.3,50.30000000109668,0.049999999999999954,7.901105523950588
53.5,50.3,50.30000000109668,0.049999999999999954,7.901105523950588
53.6,50.3,50.30000000109668,0.049999999999999954,7.901105523950588
53.7,50.3,50.30000000109668,0.049999999999999954,7.901105523950588
53.8,50.3,50.30000000109668,0.049999999999999954,7.901105523950588
53.9,50.3,50.30000000109668,0.049999999999999954,7.901105523950588
54.0,50.3,50.30000000109668,0.049999999999999954,7.901105523950588
54.1,50.3,50.30000000109668,0.049999999999999954,7.901105523950588
54.2,50.3,50.30000000109668,0.049999999999999954,7.901105523950588
54.3,50.3,50.30000000109668,0.049999999999999954,7.901105523950588
54.4,50.3,50.30000000109668,0.049999999999999954,7.901105523950588
54.5,50.3,50.30000000109668,0.049999999999999954,7.901105523950588
54.6,50.3,50.30000000109668,0.049999999999999954,7.901105523950588
54.7,50.3,50.30000000109668,0.049999999999999954,7.901105523950588
54.8,50.3,50.30000000109668,0.049999999999999954,7.901105523950588
54.9,50.3,50.30000000109668,0.049999999999999954,7.901105523950588
55.0,50.3,50.30000000109668,0.049999999999999954,7.901105523950588
55.1,50.3,50.30000000109668,0.049999999999999954,7.901105523950588
55.2,50.3,50.30000000109668,0.049999999999999954,7.901105523950588
55.3,50.3,50.30000000109668,0.049999999999999954,7.901105523950588
55.4,50.3,50.30000000109668,0.049999999999999954,7.901105523950588
55.5,50.3,50.30000000109668,0.049999999999999954,7.901105523950588
55.6,50.3,50.30000000109668,0.049999999999999954,7.901105523950588
55.7,50.3,50.30000000109668,0.049999999999999954,7.901105523950588
55.8,50.3,50.30000000109668,0.049999999999999954,7.901105523950588
55.9,50.3,50.30000000109668,0.049999999999999954,7.901105523950588
56.0,50.3,50.30000000109668,0.049999999999999954,7.901105523950588
56.1,50.301039803028104,50.30104336313003,0.08000005035301183,12.642039020855119
56.2,50.30752449035644,50.30753085795814,0.15443014540268882,24.40703114310105
56.3,50.32286046743393,50.32286804101195,0.25257509145524043,39.93059452262729
56.4,50.34852294921875,50.348530387942986,0.3568586462781775,56.44596406271458
56.5,50.38437782526016,50.3843840564664,0.4528986119407305,71.68805806266006
56.6,50.42900352478027,50.429007744026116,0.5295075229835637,83.88850028252122
56.7,50.480012881755826,50.48001455281746,0.5786929692946252,91.77355394717054
56.8,50.534375,50.53437385488394,0.5956579153139732,94.56570809967499
56.9,50.58873711824417,50.58873315716506,0.5788010216646915,91.9883789571744
57.0,50.639746475219724,50.63973996661819,0.5297169631097922,84.27237240221335
57.1,50.684372174739835,50.684363655279135,0.4531967495497086,72.16234826054107
57.2,50.72022705078125,50.720217325344045,0.35722804596003904,56.92152494233096
57.3,50.74588953256607,50.7458796742572,0.252995492041853,40.33327067282004
57.4,50.76122550964355,50.76121685978684,0.15488102246426524,24.699041751517047
57.5,50.76771019697189,50.76770436511466,0.08046418642274954,12.833349530121007
57.6,50.76875,50.768748863908556,0.05052246803682794,8.058067320804378
57.7,50.76875,50.76874999454173,0.05046633506254348,8.04911458656893
57.8,50.76875,50.768750002159685,0.05046595684009491,8.04905426328863
57.9,50.76875,50.76875000221081,0.05046595429164177,8.049053856831884
58.0,50.76875,50.768750002211014,0.05046595427447036,8.049053854093167
58.1,50.76875,50.768750002211014,0.05046595427435465,8.049053854074712
58.2,50.76875,50.768750002211014,0.0504659542743539,8.049053854074593
58.3,50.76875,50.768750002211014,0.0504659542743539,8.049053854074593
58.4,50.76875,50.768750002211014,0.0504659542743539,8.049053854074593
58.5,50.76875,50.768750002211014,0.0504659542743539,8.049053854074593
58.6,50.76875,50.768750002211014,0.0504659542743539,8.049053854074593
58.7,50.76875,50.768750002211014,0.0504659542743539,8.049053854074593
58.8,50.76875,50.768750002211014,0.0504659542743539,8.049053854074593
58.9,50.76875,50.768750002211014,0.0504659542743539,8.049053854074593
59.0,50.76875,50.768750002211014,0.0504659542743539,8.049053854074593
59.1,50.76875,50.768750002211014,0.0504659542743539,8.049053854074593
59.2,50.76875,50.768750002211014,0.0504659542743539,8.049053854074593
59.3,50.76875,50.768750002211014,0.0504659542743539,8.049053854074593
59.4,50.76875,50.768750002211014,0.0504659542743539,8.049053854074593
59.5,50.76875,50.768750002211014,0.0504659542743539,8.049053854074593
59.6,50.76875,50.768750002211014,0.0504659542743539,8.049053854074593
59.7,50.76875,50.768750002211014,0.0504659542743539,8.049053854074593
59.8,50.76875,50.768750002211014,0.0504659542743539,8.049053854074593
59.9,50.76875,50.768750002211014,0.0504659542743539,8.049053854074593
60.0,50.76875,50.768750002211014,0.0504659542743539,8.049053854074593
60.1,50.76875,50.768750002211014,0.0504659542743539,8.049053854074593
60.2,50.76875,50.768750002211014,0.0504659542743539,8.049053854074593
60.3,50.76875,50.768750002211014,0.0504659542743539,8.049053854074593
60.4,50.76875,50.768750002211014,0.0504659542743539,8.049053854074593
60.5,50.76875,50.768750002211014,0.0504659542743539,8.049053854074593
60.6,50.76875,50.768750002211014,0.0504659542743539,8.049053854074593
60.7,50.76875,50.768750002211014,0.0504659542743539,8.049053854074593
60.8,50.76875,50.768750002211014,0.0504659542743539,8.049053854074593
60.9,50.76875,50.768750002211014,0.0504659542743539,8.049053854074593
61.0,50.76875,50.768750002211014,0.0504659542743539,8.049053854074593
61.1,50.76875,50.768750002211014,0.0504659542743539,8.049053854074593
61.2,50.76875,50.768750002211014,0.0504659542743539,8.049053854074593
61.3,50.76875,50.768750002211014,0.0504659542743539,8.049053854074593
61.4,50.76875,50.768750002211014,0.0504659542743539,8.049053854074593
61.5,50.76875,50.768750002211014,0.0504659542743539,8.049053854074593
61.6,50.76875,50.768750002211014,0.0504659542743539,8.049053854074593
61.7,50.76875,50.768750002211014,0.0504659542743539,8.049053854074593
61.8,50.76875,50.768750002211014,0.0504659542743539,8.049053854074593
61.9,50.76875,50.768750002211014,0.0504659542743539,8.049053854074593
62.0,50.76875,50.768750002211014,0.0504659542743539,8.049053854074593
62.1,50.76875,50.768750002211014,0.0504659542743539,8.049053854074593
62.2,50.76875,50.768750002211014,0.0504659542743539,8.049053854074593
62.3,50.76875,50.768750002211014,0.0504659542743539,8.049053854074593
62.4,50.76875,50.768750002211014,0.0504659542743539,8.049053854074593
62.5,50.76875,50.768750002211014,0.0504659542743539,8.049053854074593
62.6,50.76875,50.768750002211014,0.0504659542743539,8.049053854074593
62.7,50.76875,50.768750002211014,0.0504659542743539,8.049053854074593
62.8,50.76875,50.768750002211014,0.0504659542743539,8.049053854074593
62.9,50.76875,50.768750002211014,0.0504659542743539,8.049053854074593
63.0,50.76875,50.768750002211014,0.0504659542743539,8.049053854074593
63.1,50.76875,50.768750002211014,0.0504659542743539,8.049053854074593
63.2,50.76875,50.768750002211014,0.0504659542743539,8.049053854074593
63.3,50.76875,50.768750002211014,0.0504659542743539,8.049053854074593
63.4,50.76875,50.768750002211014,0.0504659542743539,8.049053854074593
63.5,50.76875,50.768750002211014,0.0504659542743539,8.049053854074593
63.6,50.76875,50.768750002211014,0.0504659542743539,8.049053854074593
63.7,50.76875,50.768750002211014,0.0504659542743539,8.049053854074593
63.8,50.76875,50.768750002211014,0.0504659542743539,8.049053854074593
63.9,50.76875,50.768750002211014,0.0504659542743539,8.049053854074593
64.0,50.76875,50.768750002211014,0.0504659542743539,8.049053854074593
64.1,50.76736359596252,50.76735885282836,0.010465887359210559,1.6692081595340011
64.2,50.7587173461914,50.758708859725296,-0.08877423944621185,-14.156223133113832
64.3,50.73826937675476,50.73825928232098,-0.21963416757392823,-35.00945407390927
64.4,50.704052734375,50.70404281974989,-0.35867890753632325,-57.134482702689475
64.5,50.65624623298645,50.65623792838644,-0.4867321951603278,-77.45917722207066
64.6,50.596745300292966,50.596739678305035,-0.5888774098141834,-93.60462335624452
64.7,50.52873282432556,50.52873059991709,-0.6544580049375045,-103.88911452581313
64.8,50.45625,50.45625153049819,-0.6770779331328237,-107.32564705883541
64.9,50.383767175674436,50.383772460793715,-0.654602075136093,-103.61387891979277
65.0,50.31575469970703,50.31576338151776,-0.5891566634921874,-93.12895565487133
65.1,50.25625376701355,50.25626512996573,-0.4871297118912235,-76.91033491606272
65.2,50.208447265625,50.208460236544724,-0.35917144040191473,-56.65373827914852
65.3,50.174230623245236,50.174243771325095,-0.22019470175992803,-34.708638100161714
65.4,50.15378265380859,50.153794190612274,-0.08937540867858632,-14.082238872026412
65.5,50.14513640403747,50.14514418350663,0.009847039451046613,1.5512594314092505
65.6,50.14375,50.143751518450706,0.04976933048635673,7.840224414853911
65.7,50.14375,50.143750010944665,0.04984417419320425,7.852014400843605
65.8,50.14375,50.143750000787094,0.049844678487578994,7.8520938413695065
65.9,50.14375,50.1437500007186,0.049844681885498315,7.852094376637214
66.0,50.14375,50.14375000071811,0.04984468190839338,7.852094380243826
66.1,50.14375,50.14375000071811,0.049844681908547656,7.852094380268128
66.2,50.14375,50.14375000071811,0.04984468190854866,7.852094380268287
66.3,50.14375,50.14375000071811,0.04984468190854866,7.852094380268287
66.4,50.14375,50.14375000071811,0.04984468190854866,7.852094380268287
66.5,50.14375,50.14375000071811,0.04984468190854866,7.852094380268287
66.6,50.14375,50.14375000071811,0.04984468190854866,7.852094380268287
66.7,50.14375,50.14375000071811,0.04984468190854866,7.852094380268287
66.8,50.14375,50.14375000071811,0.04984468190854866,7.852094380268287
66.9,50.14375,50.14375000071811,0.04984468190854866,7.852094380268287
67.0,50.14375,50.14375000071811,0.04984468190854866,7.852094380268287
67.1,50.14375,50.14375000071811,0.04984468190854866,7.852094380268287
67.2,50.14375,50.14375000071811,0.04984468190854866,7.852094380268287
67.3,50.14375,50.14375000071811,0.04984468190854866,7.852094380268287
67.4,50.14375,50.14375000071811,0.04984468190854866,7.852094380268287
67.5,50.14375,50.14375000071811,0.04984468190854866,7.852094380268287
67.6,50.14375,50.14375000071811,0.04984468190854866,7.852094380268287
67.7,50.14375,50.14375000071811,0.04984468190854866,7.852094380268287
67.8,50.14375,50.14375000071811,0.04984468190854866,7.852094380268287
67.9,50.14375,50.14375000071811,0.04984468190854866,7.852094380268287
68.0,50.14375,50.14375000071811,0.04984468190854866,7.852094380268287
68.1,50.14375,50.14375000071811,0.04984468190854866,7.852094380268287
68.2,50.14375,50.14375000071811,0.04984468190854866,7.852094380268287
68.3,50.14375,50.14375000071811,0.04984468190854866,7.852094380268287
68.4,50.14375,50.14375000071811,0.04984468190854866,7.852094380268287
68.5,50.14375,50.14375000071811,0.04984468190854866,7.852094380268287
68.6,50.14375,50.14375000071811,0.04984468190854866,7.852094380268287
68.7,50.14375,50.14375000071811,0.04984468190854866,7.852094380268287
68.8,50.14375,50.14375000071811,0.04984468190854866,7.852094380268287
68.9,50.14375,50.14375000071811,0.04984468190854866,7.852094380268287
69.0,50.14375,50.14375000071811,0.04984468190854866,7.852094380268287
69.1,50.14375,50.14375000071811,0.04984468190854866,7.852094380268287
69.2,50.14375,50.14375000071811,0.04984468190854866,7.852094380268287
69.3,50.14375,50.14375000071811,0.04984468190854866,7.852094380268287
69.4,50.14375,50.14375000071811,0.04984468190854866,7.852094380268287
69.5,50.14375,50.14375000071811,0.04984468190854866,7.852094380268287
69.6,50.14375,50.14375000071811,0.04984468190854866,7.852094380268287
69.7,50.14375,50.14375000071811,0.04984468190854866,7.852094380268287
69.8,50.14375,50.14375000071811,0.04984468190854866,7.852094380268287
69.9,50.14375,50.14375000071811,0.04984468190854866,7.852094380268287
70.0,50.14375,50.14375000071811,0.04984468190854866,7.852094380268287
70.1,50.14375,50.14375000071811,0.04984468190854866,7.852094380268287
70.2,50.14375,50.14375000071811,0.04984468190854866,7.852094380268287
70.3,50.14375,50.14375000071811,0.04984468190854866,7.852094380268287
70.4,50.14375,50.14375000071811,0.04984468190854866,7.852094380268287
70.5,50.14375,50.14375000071811,0.04984468190854866,7.852094380268287
70.6,50.14375,50.14375000071811,0.04984468190854866,7.852094380268287
70.7,50.14375,50.14375000071811,0.04984468190854866,7.852094380268287
70.8,50.14375,50.14375000071811,0.04984468190854866,7.852094380268287
70.9,50.14375,50.14375000071811,0.04984468190854866,7.852094380268287
71.0,50.14375,50.14375000071811,0.04984468190854866,7.852094380268287
71.1,50.14375,50.14375000071811,0.04984468190854866,7.852094380268287
71.2,50.14375,50.14375000071811,0.04984468190854866,7.852094380268287
71.3,50.14375,50.14375000071811,0.04984468190854866,7.852094380268287
71.4,50.14375,50.14375000071811,0.04984468190854866,7.852094380268287
71.5,50.14375,50.14375000071811,0.04984468190854866,7.852094380268287
71.6,50.14375,50.14375000071811,0.04984468190854866,7.852094380268287
71.7,50.14375,50.14375000071811,0.04984468190854866,7.852094380268287
71.8,50.14375,50.14375000071811,0.04984468190854866,7.852094380268287
71.9,50.14375,50.14375000071811,0.04984468190854866,7.852094380268287
72.0,50.14375,50.14375000071811,0.04984468190854866,7.852094380268287
72.1,50.14513640403747,50.14514115010046,0.089844748823692,14.153747046229128
72.2,50.15378265380859,50.153791143203186,0.1890848756291144,29.792739001406716
72.3,50.174230623245236,50.17424072060722,0.3199448037568307,50.431947915478
72.4,50.208447265625,50.208457183178,0.4589895437192258,72.39849547131874
72.5,50.25625376701355,50.25626207454114,0.5870428313432303,92.68508350359996
72.6,50.31575469970703,50.315760324622204,0.6891880459970859,108.94107297993794
72.7,50.383767175674436,50.38376940300991,0.7547686411204071,119.46876555658244
72.8,50.45625,50.456248472428534,0.7773885693157263,123.22617837377567
72.9,50.52873282432556,50.52872754213268,0.7549127113189956,119.83535656289847
73.0,50.596745300292966,50.59673662140837,0.68946729967509,109.59381685868168
73.1,50.65624623298645,50.656234872960134,0.5874403480741262,93.48599442718702
73.2,50.704052734375,50.70403976638082,0.4594820765848173,73.19156109918588
73.3,50.73826937675476,50.73825623160017,0.3205053379428306,51.088208899516886
73.4,50.7587173461914,50.75870581231271,0.1896860448614889,30.247939400368413
73.5,50.76736359596252,50.767355819418015,0.09046359673185596,14.428070893590553
73.6,50.76875,50.76874848447364,0.05054130569654583,8.06107176797921
73.7,50.76875,50.76874999197934,0.050466461989698314,8.049134830375221
73.8,50.76875,50.76875000213667,0.05046595769532357,8.049054399689446
73.9,50.76875,50.76875000220487,0.05046595429740425,8.049053857750028
74.0,50.76875,50.76875000220519,0.05046595427450918,8.049053854098435
74.1,50.76875,50.76875000220519,0.05046595427435491,8.049053854073831
74.2,50.76875,50.76875000220519,0.0504659542743539,8.04905385407367
74.3,50.76875,50.76875000220519,0.0504659542743539,8.04905385407367
74.4,50.76875,50.76875000220519,0.0504659542743539,8.04905385407367
74.5,50.76875,50.76875000220519,0.0504659542743539,8.04905385407367
74.6,50.76875,50.76875000220519,0.0504659542743539,8.04905385407367
74.7,50.76875,50.76875000220519,0.0504659542743539,8.04905385407367
74.8,50.76875,50.76875000220519,0.0504659542743539,8.04905385407367
74.9,50.76875,50.76875000220519,0.0504659542743539,8.04905385407367
75.0,50.76875,50.76875000220519,0.0504659542743539,8.04905385407367
75.1,50.76875,50.76875000220519,0.0504659542743539,8.04905385407367
75.2,50.76875,50.76875000220519,0.0504659542743539,8.04905385407367
75.3,50.76875,50.76875000220519,0.0504659542743539,8.04905385407367
75.4,50.76875,50.76875000220519,0.0504659542743539,8.04905385407367
75.5,50.76875,50.76875000220519,0.0504659542743539,8.04905385407367
75.6,50.76875,50.76875000220519,0.0504659542743539,8.04905385407367
75.7,50.76875,50.76875000220519,0.0504659542743539,8.04905385407367
75.8,50.76875,50.76875000220519,0.0504659542743539,8.04905385407367
75.9,50.76875,50.76875000220519,0.0504659542743539,8.04905385407367
76.0,50.76875,50.76875000220519,0.0504659542743539,8.04905385407367
76.1,50.76875,50.76875000220519,0.0504659542743539,8.04905385407367
76.2,50.76875,50.76875000220519,0.0504659542743539,8.04905385407367
76.3,50.76875,50.76875000220519,0.0504659542743539,8.04905385407367
76.4,50.76875,50.76875000220519,0.0504659542743539,8.04905385407367
76.5,50.76875,50.76875000220519,0.0504659542743539,8.04905385407367
76.6,50.76875,50.76875000220519,0.0504659542743539,8.04905385407367
76.7,50.76875,50.76875000220519,0.0504659542743539,8.04905385407367
76.8,50.76875,50.76875000220519,0.0504659542743539,8.04905385407367
76.9,50.76875,50.76875000220519,0.0504659542743539,8.04905385407367
77.0,50.76875,50.76875000220519,0.0504659542743539,8.04905385407367
77.1,50.76875,50.76875000220519,0.0504659542743539,8.04905385407367
77.2,50.76875,50.76875000220519,0.0504659542743539,8.04905385407367
77.3,50.76875,50.76875000220519,0.0504659542743539,8.04905385407367
77.4,50.76875,50.76875000220519,0.0504659542743539,8.04905385407367
77.5,50.76875,50.76875000220519,0.0504659542743539,8.04905385407367
77.6,50.76875,50.76875000220519,0.0504659542743539,8.04905385407367
77.7,50.76875,50.76875000220519,0.0504659542743539,8.04905385407367
77.8,50.76875,50.76875000220519,0.0504659542743539,8.04905385407367
77.9,50.76875,50.76875000220519,0.0504659542743539,8.04905385407367
78.0,50.76875,50.76875000220519,0.0504659542743539,8.04905385407367
78.1,50.76875,50.76875000220519,0.0504659542743539,8.04905385407367
78.2,50.76875,50.76875000220519,0.0504659542743539,8.04905385407367
78.3,50.76875,50.76875000220519,0.0504659542743539,8.04905385407367
78.4,50.76875,50.76875000220519,0.0504659542743539,8.04905385407367
78.5,50.76875,50.76875000220519,0.0504659542743539,8.04905385407367
78.6,50.76875,50.76875000220519,0.0504659542743539,8.04905385407367
78.7,50.76875,50.76875000220519,0.0504659542743539,8.04905385407367
78.8,50.76875,50.76875000220519,0.0504659542743539,8.04905385407367
78.9,50.76875,50.76875000220519,0.0504659542743539,8.04905385407367
79.0,50.76875,50.76875000220519,0.0504659542743539,8.04905385407367
79.1,50.76875,50.76875000220519,0.0504659542743539,8.04905385407367
79.2,50.76875,50.76875000220519,0.0504659542743539,8.04905385407367
79.3,50.76875,50.76875000220519,0.0504659542743539,8.04905385407367
79.4,50.76875,50.76875000220519,0.0504659542743539,8.04905385407367
79.5,50.76875,50.76875000220519,0.0504659542743539,8.04905385407367
79.6,50.76875,50.76875000220519,0.0504659542743539,8.04905385407367
79.7,50.76875,50.76875000220519,0.0504659542743539,8.04905385407367
79.8,50.76875,50.76875000220519,0.0504659542743539,8.04905385407367
79.9,50.76875,50.76875000220519,0.0504659542743539,8.04905385407367
80.0,50.76875,50.76875000220519,0.0504659542743539,8.04905385407367
80.1,50.76701699495315,50.767011065476936,0.00046587063042473234,0.07430136629874325
80.2,50.756209182739255,50.75619857409818,-0.12358428787635325,-19.706169768377503
80.3,50.73064922094345,50.73063660234284,-0.28715919803599876,-45.76599582638502
80.4,50.68787841796875,50.687866024129036,-0.4609651229889925,-73.40437545308025
80.5,50.62812029123306,50.628109909924746,-0.6210317325189982,-98.77689690532752
80.6,50.55374412536621,50.55373709732305,-0.748713250836318,-118.91007627141919
80.7,50.46872853040695,50.46872574933816,-0.830688994740469,-131.70754939839827
80.8,50.378125,50.378126912564625,-0.858963904984618,-135.94611570952452
80.9,50.287521469593045,50.287528075434096,-0.830869082488705,-131.26313107515605
81.0,50.202505874633786,50.202516726339184,-0.7490623179338227,-118.13900597303561
81.1,50.128129708766934,50.12814391189923,-0.6215286284326179,-97.87970114583949
81.2,50.06837158203125,50.06838779512306,-0.4615807890709819,-72.6041098599145
81.3,50.025600779056546,50.02561721359856,-0.2878598657684985,-45.240088609054574
81.4,50.00004081726074,50.00005523770756,-0.12433574941682136,-19.530635423850093
81.5,49.98923300504684,49.989242728825594,-0.0003076892547802031,-0.04832131677298274
81.6,49.9875,49.98750189750574,0.049595174539357446,7.788444497013879
81.7,49.9875,49.98750001312326,0.049688729172916855,7.803136057009287
81.8,49.9875,49.987500000426294,0.04968935954088528,7.803235048241711
81.9,49.9875,49.98750000034071,0.04968936378828443,7.8032357152414535
82.0,49.9875,49.987500000340134,0.04968936381690327,7.803235719735675
82.1,49.9875,49.987500000340134,0.04968936381709611,7.8032357197659605
82.2,49.9875,49.987500000340134,0.049689363817097376,7.803235719766159
82.3,49.9875,49.987500000340134,0.049689363817097376,7.803235719766159
82.4,49.9875,49.987500000340134,0.049689363817097376,7.803235719766159
82.5,49.9875,49.987500000340134,0.049689363817097376,7.803235719766159
82.6,49.9875,49.987500000340134,0.049689363817097376,7.803235719766159
82.7,49.9875,49.987500000340134,0.049689363817097376,7.803235719766159
82.8,49.9875,49.987500000340134,0.049689363817097376,7.803235719766159
82.9,49.9875,49.987500000340134,0.049689363817097376,7.803235719766159
83.0,49.9875,49.987500000340134,0.049689363817097376,7.803235719766159
83.1,49.9875,49.987500000340134,0.049689363817097376,7.803235719766159
83.2,49.9875,49.987500000340134,0.049689363817097376,7.803235719766159
83.3,49.9875,49.987500000340134,0.049689363817097376,7.803235719766159
83.4,49.9875,49.987500000340134,0.049689363817097376,7.803235719766159
83.5,49.9875,49.987500000340134,0.049689363817097376,7.803235719766159
83.6,49.9875,49.987500000340134,0.049689363817097376,7.803235719766159
83.7,49.9875,49.987500000340134,0.049689363817097376,7.803235719766159
83.8,49.9875,49.987500000340134,0.049689363817097376,7.803235719766159
83.9,49.9875,49.987500000340134,0.049689363817097376,7.803235719766159
84.0,49.9875,49.987500000340134,0.049689363817097376,7.803235719766159
84.1,49.9875,49.987500000340134,0.049689363817097376,7.803235719766159
84.2,49.9875,49.987500000340134,0.049689363817097376,7.803235719766159
84.3,49.9875,49.987500000340134,0.049689363817097376,7.803235719766159
84.4,49.9875,49.987500000340134,0.049689363817097376,7.803235719766159
84.5,49.9875,49.987500000340134,0.049689363817097376,7.803235719766159
84.6,49.9875,49.987500000340134,0.049689363817097376,7.803235719766159
84.7,49.9875,49.987500000340134,0.049689363817097376,7.803235719766159
84.8,49.9875,49.987500000340134,0.049689363817097376,7.803235719766159
84.9,49.9875,49.987500000340134,0.049689363817097376,7.803235719766159
85.0,49.9875,49.987500000340134,0.049689363817097376,7.803235719766159
85.1,49.9875,49.987500000340134,0.049689363817097376,7.803235719766159
85.2,49.9875,49.987500000340134,0.049689363817097376,7.803235719766159
85.3,49.9875,49.987500000340134,0.049689363817097376,7.803235719766159
85.4,49.9875,49.987500000340134,0.049689363817097376,7.803235719766159
85.5,49.9875,49.987500000340134,0.049689363817097376,7.803235719766159
85.6,49.9875,49.987500000340134,0.049689363817097376,7.803235719766159
85.7,49.9875,49.987500000340134,0.049689363817097376,7.803235719766159
85.8,49.9875,49.987500000340134,0.049689363817097376,7.803235719766159
85.9,49.9875,49.987500000340134,0.049689363817097376,7.803235719766159
86.0,49.9875,49.987500000340134,0.049689363817097376,7.803235719766159
86.1,49.9875,49.987500000340134,0.049689363817097376,7.803235719766159
86.2,49.9875,49.987500000340134,0.049689363817097376,7.803235719766159
86.3,49.9875,49.987500000340134,0.049689363817097376,7.803235719766159
86.4,49.9875,49.987500000340134,0.049689363817097376,7.803235719766159
86.5,49.9875,49.987500000340134,0.049689363817097376,7.803235719766159
86.6,49.9875,49.987500000340134,0.049689363817097376,7.803235719766159
86.7,49.9875,49.987500000340134,0.049689363817097376,7.803235719766159
86.8,49.9875,49.987500000340134,0.049689363817097376,7.803235719766159
86.9,49.9875,49.987500000340134,0.049689363817097376,7.803235719766159
87.0,49.9875,49.987500000340134,0.049689363817097376,7.803235719766159
87.1,49.9875,49.987500000340134,0.049689363817097376,7.803235719766159
87.2,49.9875,49.987500000340134,0.049689363817097376,7.803235719766159
87.3,49.9875,49.987500000340134,0.049689363817097376,7.803235719766159
87.4,49.9875,49.987500000340134,0.049689363817097376,7.803235719766159
87.5,49.9875,49.987500000340134,0.049689363817097376,7.803235719766159
87.6,49.9875,49.987500000340134,0.049689363817097376,7.803235719766159
87.7,49.9875,49.987500000340134,0.049689363817097376,7.803235719766159
87.8,49.9875,49.987500000340134,0.049689363817097376,7.803235719766159
87.9,49.9875,49.987500000340134,0.049689363817097376,7.803235719766159
88.0,49.9875,49.987500000340134,0.049689363817097376,7.803235719766159
88.1,49.98923300504684,49.98923893706811,0.09968944746102655,15.655811600385425
88.2,50.00004081726074,50.00005142844659,0.22373960596780462,35.144971270264875
88.3,50.025600779056546,50.02561340020168,0.38731451612745005,60.87038791151647
88.4,50.06837158203125,50.06838397841525,0.5611204410804438,88.26114086174444
88.5,50.128129708766934,50.12814009261923,0.7211870506104495,113.57412092789863
88.6,50.202505874633786,50.202512905220644,0.8488685689277693,133.8800242661223
88.7,50.287521469593045,50.287524253205326,0.9308443128319203,147.0574995916578
88.8,50.378125,50.37812308997869,0.9591192230760693,151.79744134680126
88.9,50.46872853040695,50.46872192710894,0.9310244005801562,147.61593535019128
89.0,50.55374412536621,50.55373327620358,0.849217636025274,134.87209706167152
89.1,50.62812029123306,50.62810609064333,0.7216839465240692,114.78591458965293
89.2,50.68787841796875,50.687862207419236,0.5617361071624332,89.45120347390404
89.3,50.73064922094345,50.73063278894347,0.38801518385994976,61.839913440727685
89.4,50.756209182739255,50.75619476483425,0.22449106750827266,35.796287957064635
89.5,50.76701699495315,50.76700727371599,0.10046300734623148,16.022770407264954
89.6,50.76875,50.76874810503557,0.050560143552093824,8.064076246342495
89.7,50.76875,50.768749989417756,0.05046658891853442,8.049155074449793
89.8,50.76875,50.76875000211443,0.050465958550565994,8.049054536092582
89.9,50.76875,50.768750002199745,0.050465954303166846,8.04905385866832
90.0,50.76875,50.768750002200164,0.05046595427454801,8.049053854103834
90.1,50.76875,50.768750002200164,0.050465954274355164,8.049053854073074
90.2,50.76875,50.768750002200164,0.0504659542743539,8.049053854072874
90.3,50.76875,50.768750002200164,0.0504659542743539,8.049053854072874
90.4,50.76875,50.768750002200164,0.0504659542743539,8.049053854072874
90.5,50.76875,50.768750002200164,0.0504659542743539,8.049053854072874
90.6,50.76875,50.768750002200164,0.0504659542743539,8.049053854072874
90.7,50.76875,50.768750002200164,0.0504659542743539,8.049053854072874
90.8,50.76875,50.768750002200164,0.0504659542743539,8.049053854072874
90.9,50.76875,50.768750002200164,0.0504659542743539,8.049053854072874
91.0,50.76875,50.768750002200164,0.0504659542743539,8.049053854072874
91.1,50.76875,50.768750002200164,0.0504659542743539,8.049053854072874
91.2,50.76875,50.768750002200164,0.0504659542743539,8.049053854072874
91.3,50.76875,50.768750002200164,0.0504659542743539,8.049053854072874
91.4,50.76875,50.768750002200164,0.0504659542743539,8.049053854072874
91.5,50.76875,50.768750002200164,0.0504659542743539,8.049053854072874
91.6,50.76875,50.768750002200164,0.0504659542743539,8.049053854072874
91.7,50.76875,50.768750002200164,0.0504659542743539,8.049053854072874
91.8,50.76875,50.768750002200164,0.0504659542743539,8.049053854072874
91.9,50.76875,50.768750002200164,0.0504659542743539,8.049053854072874
92.0,50.76875,50.768750002200164,0.0504659542743539,8.049053854072874
92.1,50.76875,50.768750002200164,0.0504659542743539,8.049053854072874
92.2,50.76875,50.768750002200164,0.0504659542743539,8.049053854072874
92.3,50.76875,50.768750002200164,0.0504659542743539,8.049053854072874
92.4,50.76875,50.768750002200164,0.0504659542743539,8.049053854072874
92.5,50.76875,50.768750002200164,0.0504659542743539,8.049053854072874
92.6,50.76875,50.768750002200164,0.0504659542743539,8.049053854072874
92.7,50.76875,50.768750002200164,0.0504659542743539,8.049053854072874
92.8,50.76875,50.768750002200164,0.0504659542743539,8.049053854072874
92.9,50.76875,50.768750002200164,0.0504659542743539,8.049053854072874
93.0,50.76875,50.768750002200164,0.0504659542743539,8.049053854072874
93.1,50.76875,50.768750002200164,0.0504659542743539,8.049053854072874
93.2,50.76875,50.768750002200164,0.0504659542743539,8.049053854072874
93.3,50.76875,50.768750002200164,0.0504659542743539,8.049053854072874
93.4,50.76875,50.768750002200164,0.0504659542743539,8.049053854072874
93.5,50.76875,50.768750002200164,0.0504659542743539,8.049053854072874
93.6,50.76875,50.768750002200164,0.0504659542743539,8.049053854072874
93.7,50.76875,50.768750002200164,0.0504659542743539,8.049053854072874
93.8,50.76875,50.768750002200164,0.0504659542743539,8.049053854072874
93.9,50.76875,50.768750002200164,0.0504659542743539,8.049053854072874
94.0,50.76875,50.768750002200164,0.0504659542743539,8.049053854072874
94.1,50.76875,50.768750002200164,0.0504659542743539,8.049053854072874
94.2,50.76875,50.768750002200164,0.0504659542743539,8.049053854072874
94.3,50.76875,50.768750002200164,0.0504659542743539,8.049053854072874
94.4,50.76875,50.768750002200164,0.0504659542743539,8.049053854072874
94.5,50.76875,50.768750002200164,0.0504659542743539,8.049053854072874
94.6,50.76875,50.768750002200164,0.0504659542743539,8.049053854072874
94.7,50.76875,50.768750002200164,0.0504659542743539,8.049053854072874
94.8,50.76875,50.768750002200164,0.0504659542743539,8.049053854072874
94.9,50.76875,50.768750002200164,0.0504659542743539,8.049053854072874
95.0,50.76875,50.768750002200164,0.0504659542743539,8.049053854072874
95.1,50.76875,50.768750002200164,0.0504659542743539,8.049053854072874
95.2,50.76875,50.768750002200164,0.0504659542743539,8.049053854072874
95.3,50.76875,50.768750002200164,0.0504659542743539,8.049053854072874
95.4,50.76875,50.768750002200164,0.0504659542743539,8.049053854072874
95.5,50.76875,50.768750002200164,0.0504659542743539,8.049053854072874
95.6,50.76875,50.768750002200164,0.0504659542743539,8.049053854072874
95.7,50.76875,50.768750002200164,0.0504659542743539,8.049053854072874
95.8,50.76875,50.768750002200164,0.0504659542743539,8.049053854072874
95.9,50.76875,50.768750002200164,0.0504659542743539,8.049053854072874
96.0,50.76875,50.768750002200164,0.0504659542743539,8.049053854072874
96.1,50.766670393943784,50.76666327812629,-0.009534146098361096,-1.520583574776217
96.2,50.75370101928711,50.753688288471835,-0.15839433630649474,-25.255567359027843
96.3,50.72302906513214,50.72301392236544,-0.35468422849806924,-56.51930348705315
96.4,50.6717041015625,50.67168922850893,-0.5632513384416619,-89.66387164795194
96.5,50.59999434947967,50.599981891463834,-0.7553312698776687,-120.07088135427408
96.6,50.51074295043945,50.51073451634185,-0.9085490918584523,-144.17234263163363
96.7,50.40872423648834,50.40872089876,-1.0069199845434336,-159.45954138203078
96.8,50.3,50.300002294631774,-1.0408498768364125,-164.47730172920032
96.9,50.191275763511655,50.191283690075245,-1.0071360898413166,-158.80579081527995
97.0,50.089257049560544,50.089270071161415,-0.9089679723754581,-143.035275467573
97.1,50.00000565052032,50.00002269383348,-0.7559275449740123,-118.74087499051465
97.2,49.9282958984375,49.92831535370212,-0.563990137740049,-88.46435085966554
97.3,49.876970934867856,49.876990655872795,-0.355525029777069,-55.70835012608152
97.4,49.84629898071289,49.846316284803684,-0.1592960901550564,-24.945261323793247
97.5,49.83332960605621,49.83334127414536,-0.010462417960607012,-1.6379549219612874
97.6,49.83125,49.83125227656162,0.04942101859235816,7.736835555960343
97.7,49.83125,49.83125001530272,0.04953328415262945,7.7544103209647774
97.8,49.83125,49.83125000006642,0.04953404059419157,7.754528739133753
97.9,49.83125,49.831249999963774,0.049534045691070554,7.754529537031579
98.0,49.83125,49.83124999996311,0.04953404572541315,7.754529542407792
98.1,49.83125,49.83124999996311,0.04953404572564454,7.754529542444017
98.2,49.83125,49.83124999996311,0.049534045725646084,7.754529542444258
98.3,49.83125,49.83124999996311,0.049534045725646084,7.754529542444258
98.4,49.83125,49.83124999996311,0.049534045725646084,7.754529542444258
98.5,49.83125,49.83124999996311,0.049534045725646084,7.754529542444258
98.6,49.83125,49.83124999996311,0.049534045725646084,7.754529542444258
98.7,49.83125,49.83124999996311,0.049534045725646084,7.754529542444258
98.8,49.83125,49.83124999996311,0.049534045725646084,7.754529542444258
98.9,49.83125,49.83124999996311,0.049534045725646084,7.754529542444258
99.0,49.83125,49.83124999996311,0.049534045725646084,7.754529542444258
99.1,49.83125,49.83124999996311,0.049534045725646084,7.754529542444258
99.2,49.83125,49.83124999996311,0.049534045725646084,7.754529542444258
99.3,49.83125,49.83124999996311,0.049534045725646084,7.754529542444258
99.4,49.83125,49.83124999996311,0.049534045725646084,7.754529542444258
99.5,49.83125,49.83124999996311,0.049534045725646084,7.754529542444258
99.6,49.83125,49.83124999996311,0.049534045725646084,7.754529542444258
99.7,49.83125,49.83124999996311,0.049534045725646084,7.754529542444258
99.8,49.83125,49.83124999996311,0.049534045725646084,7.754529542444258
99.9,49.83125,49.83124999996311,0.049534045725646084,7.754529542444258
100.0,49.83125,49.83124999996311,0.049534045725646084,7.754529542444258
100.1,49.83125,49.83124999996311,0.049534045725646084,7.754529542444258
100.2,49.83125,49.83124999996311,0.049534045725646084,7.754529542444258
100.3,49.83125,49.83124999996311,0.049534045725646084,7.754529542444258
100.4,49.83125,49.83124999996311,0.049534045725646084,7.754529542444258
100.5,49.83125,49.83124999996311,0.049534045725646084,7.754529542444258
100.6,49.83125,49.83124999996311,0.049534045725646084,7.754529542444258
100.7,49.83125,49.83124999996311,0.049534045725646084,7.754529542444258
100.8,49.83125,49.83124999996311,0.049534045725646084,7.754529542444258
100.9,49.83125,49.83124999996311,0.049534045725646084,7.754529542444258
101.0,49.83125,49.83124999996311,0.049534045725646084,7.754529542444258
101.1,49.83125,49.83124999996311,0.049534045725646084,7.754529542444258
101.2,49.83125,49.83124999996311,0.049534045725646084,7.754529542444258
101.3,49.83125,49.83124999996311,0.049534045725646084,7.754529542444258
101.4,49.83125,49.83124999996311,0.049534045725646084,7.754529542444258
101.5,49.83125,49.83124999996311,0.049534045725646084,7.754529542444258
101.6,49.83125,49.83124999996311,0.049534045725646084,7.754529542444258
101.7,49.83125,49.83124999996311,0.049534045725646084,7.754529542444258
101.8,49.83125,49.83124999996311,0.049534045725646084,7.754529542444258
101.9,49.83125,49.83124999996311,0.049534045725646084,7.754529542444258
102.0,49.83125,49.83124999996311,0.049534045725646084,7.754529542444258
102.1,49.83125,49.83124999996311,0.049534045725646084,7.754529542444258
102.2,49.83125,49.83124999996311,0.049534045725646084,7.754529542444258
102.3,49.83125,49.83124999996311,0.049534045725646084,7.754529542444258
102.4,49.83125,49.83124999996311,0.049534045725646084,7.754529542444258
102.5,49.83125,49.83124999996311,0.049534045725646084,7.754529542444258
102.6,49.83125,49.83124999996311,0.049534045725646084,7.754529542444258
102.7,49.83125,49.83124999996311,0.049534045725646084,7.754529542444258
102.8,49.83125,49.83124999996311,0.049534045725646084,7.754529542444258
102.9,49.83125,49.83124999996311,0.049534045725646084,7.754529542444258
103.0,49.83125,49.83124999996311,0.049534045725646084,7.754529542444258
103.1,49.83125,49.83124999996311,0.049534045725646084,7.754529542444258
103.2,49.83125,49.83124999996311,0.049534045725646084,7.754529542444258
103.3,49.83125,49.83124999996311,0.049534045725646084,7.754529542444258
103.4,49.83125,49.83124999996311,0.049534045725646084,7.754529542444258
103.5,49.83125,49.83124999996311,0.049534045725646084,7.754529542444258
103.6,49.83125,49.83124999996311,0.049534045725646084,7.754529542444258
103.7,49.83125,49.83124999996311,0.049534045725646084,7.754529542444258
103.8,49.83125,49.83124999996311,0.049534045725646084,7.754529542444258
103.9,49.83125,49.83124999996311,0.049534045725646084,7.754529542444258
104.0,49.83125,49.83124999996311,0.049534045725646084,7.754529542444258
104.1,49.83298300504684,49.83298893669113,0.09953412936957527,15.582560840832002
104.2,49.84379081726074,49.84380142806965,0.22358428787635332,35.010822255488016
104.3,49.869350779056546,49.869363399824806,0.38715919803599874,60.65593177741883
104.4,49.91212158203125,49.9121339780384,0.5609651229889925,87.96134707379747
104.5,49.971879708766934,49.971890092242425,0.7210317325189982,113.19572546877855
104.6,50.046255874633786,50.04626290484387,0.848713250836318,133.43891699818033
104.7,50.131271469593045,50.13127425282858,0.930688994740469,146.5761110934659
104.8,50.221875,50.22187308960199,0.958963904984618,151.30212922711016
104.9,50.31247853040695,50.312471926732265,0.9308690824887049,147.13437003692076
105.0,50.39749412536621,50.39748327582693,0.8490623179338227,134.43064706918207
105.1,50.47187029123306,50.4718560902667,0.7215286284326179,114.40703126082505
105.2,50.53162841796875,50.53161220704264,0.5615807890709819,89.15080519954313
105.3,50.57439922094345,50.57438278856689,0.38785986576849846,61.62476935564658
105.4,50.599959182739255,50.59994476445769,0.22433574941682136,35.661401112217256
105.5,50.61076699495315,50.61075727333945,0.10030768925478017,15.94876041830509
105.6,50.6125,50.61249810465908,0.05040482546064253,8.01456141899231
105.7,50.6125,50.61249998904129,0.05031127082708313,7.999686169703603
105.8,50.6125,50.61250000173801,0.0503106404591147,7.999585940771359
105.9,50.6125,50.6125000018234,0.050310636211715554,7.999585265432003
106.0,50.6125,50.612500001823854,0.05031063618309672,7.999585260881569
106.1,50.6125,50.612500001823854,0.05031063618290387,7.999585260850906
106.2,50.6125,50.612500001823854,0.05031063618290261,7.999585260850705
106.3,50.6125,50.612500001823854,0.05031063618290261,7.999585260850705
106.4,50.6125,50.612500001823854,0.05031063618290261,7.999585260850705
106.5,50.6125,50.612500001823854,0.05031063618290261,7.999585260850705
106.6,50.6125,50.612500001823854,0.05031063618290261,7.999585260850705
106.7,50.6125,50.612500001823854,0.05031063618290261,7.999585260850705
106.8,50.6125,50.612500001823854,0.05031063618290261,7.999585260850705
106.9,50.6125,50.612500001823854,0.05031063618290261,7.999585260850705
107.0,50.6125,50.612500001823854,0.05031063618290261,7.999585260850705
107.1,50.6125,50.612500001823854,0.05031063618290261,7.999585260850705
107.2,50.6125,50.612500001823854,0.05031063618290261,7.999585260850705
107.3,50.6125,50.612500001823854,0.05031063618290261,7.999585260850705
107.4,50.6125,50.612500001823854,0.05031063618290261,7.999585260850705
107.5,50.6125,50.612500001823854,0.05031063618290261,7.999585260850705
107.6,50.6125,50.612500001823854,0.05031063618290261,7.999585260850705
107.7,50.6125,50.612500001823854,0.05031063618290261,7.999585260850705
107.8,50.6125,50.612500001823854,0.05031063618290261,7.999585260850705
107.9,50.6125,50.612500001823854,0.05031063618290261,7.999585260850705
108.0,50.6125,50.612500001823854,0.05031063618290261,7.999585260850705
108.1,50.6125,50.612500001823854,0.05031063618290261,7.999585260850705
108.2,50.6125,50.612500001823854,0.05031063618290261,7.999585260850705
108.3,50.6125,50.612500001823854,0.05031063618290261,7.999585260850705
108.4,50.6125,50.612500001823854,0.05031063618290261,7.999585260850705
108.5,50.6125,50.612500001823854,0.05031063618290261,7.999585260850705
108.6,50.6125,50.612500001823854,0.05031063618290261,7.999585260850705
108.7,50.6125,50.612500001823854,0.05031063618290261,7.999585260850705
108.8,50.6125,50.612500001823854,0.05031063618290261,7.999585260850705
108.9,50.6125,50.612500001823854,0.05031063618290261,7.999585260850705
109.0,50.6125,50.612500001823854,0.05031063618290261,7.999585260850705
109.1,50.6125,50.612500001823854,0.05031063618290261,7.999585260850705
109.2,50.6125,50.612500001823854,0.05031063618290261,7.999585260850705
109.3,50.6125,50.612500001823854,0.05031063618290261,7.999585260850705
109.4,50.6125,50.612500001823854,0.05031063618290261,7.999585260850705
109.5,50.6125,50.612500001823854,0.05031063618290261,7.999585260850705
109.6,50.6125,50.612500001823854,0.05031063618290261,7.999585260850705
109.7,50.6125,50.612500001823854,0.05031063618290261,7.999585260850705
109.8,50.6125,50.612500001823854,0.05031063618290261,7.999585260850705
109.9,50.6125,50.612500001823854,0.05031063618290261,7.999585260850705
110.0,50.6125,50.612500001823854,0.05031063618290261,7.999585260850705
110.1,50.6125,50.612500001823854,0.05031063618290261,7.999585260850705
110.2,50.6125,50.612500001823854,0.05031063618290261,7.999585260850705
110.3,50.6125,50.612500001823854,0.05031063618290261,7.999585260850705
110.4,50.6125,50.612500001823854,0.05031063618290261,7.999585260850705
110.5,50.6125,50.612500001823854,0.05031063618290261,7.999585260850705
110.6,50.6125,50.612500001823854,0.05031063618290261,7.999585260850705
110.7,50.6125,50.612500001823854,0.05031063618290261,7.999585260850705
110.8,50.6125,50.612500001823854,0.05031063618290261,7.999585260850705
110.9,50.6125,50.612500001823854,0.05031063618290261,7.999585260850705
111.0,50.6125,50.612500001823854,0.05031063618290261,7.999585260850705
111.1,50.6125,50.612500001823854,0.05031063618290261,7.999585260850705
111.2,50.6125,50.612500001823854,0.05031063618290261,7.999585260850705
111.3,50.6125,50.612500001823854,0.05031063618290261,7.999585260850705
111.4,50.6125,50.612500001823854,0.05031063618290261,7.999585260850705
111.5,50.6125,50.612500001823854,0.05031063618290261,7.999585260850705
111.6,50.6125,50.612500001823854,0.05031063618290261,7.999585260850705
111.7,50.6125,50.612500001823854,0.05031063618290261,7.999585260850705
111.8,50.6125,50.612500001823854,0.05031063618290261,7.999585260850705
111.9,50.6125,50.612500001823854,0.05031063618290261,7.999585260850705
112.0,50.6125,50.612500001823854,0.05031063618290261,7.999585260850705
112.1,50.6125,50.612500001823854,0.05031063618290261,7.999585260850705
112.2,50.6125,50.612500001823854,0.05031063618290261,7.999585260850705
112.3,50.6125,50.612500001823854,0.05031063618290261,7.999585260850705
112.4,50.6125,50.612500001823854,0.05031063618290261,7.999585260850705
112.5,50.6125,50.612500001823854,0.05031063618290261,7.999585260850705
112.6,50.6125,50.612500001823854,0.05031063618290261,7.999585260850705
112.7,50.6125,50.612500001823854,0.05031063618290261,7.999585260850705
112.8,50.6125,50.612500001823854,0.05031063618290261,7.999585260850705
112.9,50.6125,50.612500001823854,0.05031063618290261,7.999585260850705
113.0,50.6125,50.612500001823854,0.05031063618290261,7.999585260850705
113.1,50.6125,50.612500001823854,0.05031063618290261,7.999585260850705
113.2,50.6125,50.612500001823854,0.05031063618290261,7.999585260850705
113.3,50.6125,50.612500001823854,0.05031063618290261,7.999585260850705
113.4,50.6125,50.612500001823854,0.05031063618290261,7.999585260850705
113.5,50.6125,50.612500001823854,0.05031063618290261,7.999585260850705
113.6,50.6125,50.612500001823854,0.05031063618290261,7.999585260850705
113.7,50.6125,50.612500001823854,0.05031063618290261,7.999585260850705
113.8,50.6125,50.612500001823854,0.05031063618290261,7.999585260850705
113.9,50.6125,50.612500001823854,0.05031063618290261,7.999585260850705
114.0,50.6125,50.612500001823854,0.05031063618290261,7.999585260850705
114.1,50.6125,50.612500001823854,0.05031063618290261,7.999585260850705
114.2,50.6125,50.612500001823854,0.05031063618290261,7.999585260850705
114.3,50.6125,50.612500001823854,0.05031063618290261,7.999585260850705
114.4,50.6125,50.612500001823854,0.05031063618290261,7.999585260850705
114.5,50.6125,50.612500001823854,0.05031063618290261,7.999585260850705
114.6,50.6125,50.612500001823854,0.05031063618290261,7.999585260850705
114.7,50.6125,50.612500001823854,0.05031063618290261,7.999585260850705
114.8,50.6125,50.612500001823854,0.05031063618290261,7.999585260850705
114.9,50.6125,50.612500001823854,0.05031063618290261,7.999585260850705
115.0,50.6125,50.612500001823854,0.05031063618290261,7.999585260850705
115.1,50.6125,50.612500001823854,0.05031063618290261,7.999585260850705
115.2,50.6125,50.612500001823854,0.05031063618290261,7.999585260850705
115.3,50.6125,50.612500001823854,0.05031063618290261,7.999585260850705
115.4,50.6125,50.612500001823854,0.05031063618290261,7.999585260850705
115.5,50.6125,50.612500001823854,0.05031063618290261,7.999585260850705
115.6,50.6125,50.612500001823854,0.05031063618290261,7.999585260850705
115.7,50.6125,50.612500001823854,0.05031063618290261,7.999585260850705
115.8,50.6125,50.612500001823854,0.05031063618290261,7.999585260850705
115.9,50.6125,50.612500001823854,0.05031063618290261,7.999585260850705
116.0,50.6125,50.612500001823854,0.05031063618290261,7.999585260850705
116.1,50.6125,50.612500001823854,0.05031063618290261,7.999585260850705
116.2,50.6125,50.612500001823854,0.05031063618290261,7.999585260850705
116.3,50.6125,50.612500001823854,0.05031063618290261,7.999585260850705
116.4,50.6125,50.612500001823854,0.05031063618290261,7.999585260850705
116.5,50.6125,50.612500001823854,0.05031063618290261,7.999585260850705
116.6,50.6125,50.612500001823854,0.05031063618290261,7.999585260850705
116.7,50.6125,50.612500001823854,0.05031063618290261,7.999585260850705
116.8,50.6125,50.612500001823854,0.05031063618290261,7.999585260850705
116.9,50.6125,50.612500001823854,0.05031063618290261,7.999585260850705
117.0,50.6125,50.612500001823854,0.05031063618290261,7.999585260850705
117.1,50.6125,50.612500001823854,0.05031063618290261,7.999585260850705
117.2,50.6125,50.612500001823854,0.05031063618290261,7.999585260850705
117.3,50.6125,50.612500001823854,0.05031063618290261,7.999585260850705
117.4,50.6125,50.612500001823854,0.05031063618290261,7.999585260850705
117.5,50.6125,50.612500001823854,0.05031063618290261,7.999585260850705
117.6,50.6125,50.612500001823854,0.05031063618290261,7.999585260850705
117.7,50.6125,50.612500001823854,0.05031063618290261,7.999585260850705
117.8,50.6125,50.612500001823854,0.05031063618290261,7.999585260850705
117.9,50.6125,50.612500001823854,0.05031063618290261,7.999585260850705
118.0,50.6125,50.612500001823854,0.05031063618290261,7.999585260850705
118.1,50.6125,50.612500001823854,0.05031063618290261,7.999585260850705
118.2,50.6125,50.612500001823854,0.05031063618290261,7.999585260850705
118.3,50.6125,50.612500001823854,0.05031063618290261,7.999585260850705
118.4,50.6125,50.612500001823854,0.05031063618290261,7.999585260850705
118.5,50.6125,50.612500001823854,0.05031063618290261,7.999585260850705
118.6,50.6125,50.612500001823854,0.05031063618290261,7.999585260850705
118.7,50.6125,50.612500001823854,0.05031063618290261,7.999585260850705
118.8,50.6125,50.612500001823854,0.05031063618290261,7.999585260850705
118.9,50.6125,50.612500001823854,0.05031063618290261,7.999585260850705
119.0,50.6125,50.612500001823854,0.05031063618290261,7.999585260850705
119.1,50.6125,50.612500001823854,0.05031063618290261,7.999585260850705
119.2,50.6125,50.612500001823854,0.05031063618290261,7.999585260850705
119.3,50.6125,50.612500001823854,0.05031063618290261,7.999585260850705
119.4,50.6125,50.612500001823854,0.05031063618290261,7.999585260850705
119.5,50.6125,50.612500001823854,0.05031063618290261,7.999585260850705
119.6,50.6125,50.612500001823854,0.05031063618290261,7.999585260850705
119.7,50.6125,50.612500001823854,0.05031063618290261,7.999585260850705
119.8,50.6125,50.612500001823854,0.05031063618290261,7.999585260850705
119.9,50.6125,50.612500001823854,0.05031063618290261,7.999585260850705
120.0,50.6125,50.612500001823854,0.05031063618290261,7.999585260850705
120.1,50.61215339899063,50.612152214478,0.04031061945411676,6.409499975422218
120.2,50.60999183654785,50.60998971620208,0.01550058775276115,2.4645310146269597
120.3,50.60487984418869,50.604877321850886,-0.017214394279167954,-2.736742867496984
120.4,50.59632568359375,50.59632320620796,-0.051975579269766696,-8.261676189487181
120.5,50.58437405824661,50.58437198336697,-0.08398890117576782,-13.347137503282596
120.6,50.56949882507324,50.569497420846474,-0.10952520483923177,-17.400133656034892
120.7,50.55249570608139,50.55249515124937,-0.125920353620062,-19.998084703364594
120.8,50.534375,50.534375383894506,-0.13157533566889182,-20.88869272541085
120.9,50.51625429391861,50.516255616468236,-0.12595637116970915,-19.989464728273944
121.0,50.499251174926755,50.4992533466491,-0.10959501825873275,-17.38703958878237
121.1,50.484375941753385,50.484378783760945,-0.08408828035849177,-13.336515079026029
121.2,50.47242431640625,50.47242756040558,-0.052098712486164565,-8.26097022456302
121.3,50.46387015581131,50.46387344410052,-0.01735452782566789,-2.7513336339511487
121.4,50.458758163452146,50.458761048922156,0.015350295444667532,2.433342235011864
121.5,50.456596601009366,50.45659854714564,0.040155907477075765,6.365276703021587
121.6,50.45625,50.456250380881535,0.050136480235903294,7.947283165871318
121.7,50.45625,50.456250004004914,0.05015519116261517,7.950249031342958
121.8,50.45625,50.456250001465335,0.05015531723620885,7.950269015244382
121.9,50.45625,50.45625000144806,0.05015531808568868,7.950269149895245
122.0,50.45625,50.456250001447856,0.05015531809141245,7.950269150802503
122.1,50.45625,50.456250001447856,0.05015531809145102,7.950269150808617
122.2,50.45625,50.456250001447856,0.05015531809145125,7.950269150808653
122.3,50.45625,50.456250001447856,0.05015531809145125,7.950269150808653
122.4,50.45625,50.456250001447856,0.05015531809145125,7.950269150808653
122.5,50.45625,50.456250001447856,0.05015531809145125,7.950269150808653
122.6,50.45625,50.456250001447856,0.05015531809145125,7.950269150808653
122.7,50.45625,50.456250001447856,0.05015531809145125,7.950269150808653
122.8,50.45625,50.456250001447856,0.05015531809145125,7.950269150808653
122.9,50.45625,50.456250001447856,0.05015531809145125,7.950269150808653
123.0,50.45625,50.456250001447856,0.05015531809145125,7.950269150808653
123.1,50.45625,50.456250001447856,0.05015531809145125,7.950269150808653
123.2,50.45625,50.456250001447856,0.05015531809145125,7.950269150808653
123.3,50.45625,50.456250001447856,0.05015531809145125,7.950269150808653
123.4,50.45625,50.456250001447856,0.05015531809145125,7.950269150808653
123.5,50.45625,50.456250001447856,0.05015531809145125,7.950269150808653
123.6,50.45625,50.456250001447856,0.05015531809145125,7.950269150808653
123.7,50.45625,50.456250001447856,0.05015531809145125,7.950269150808653
123.8,50.45625,50.456250001447856,0.05015531809145125,7.950269150808653
123.9,50.45625,50.456250001447856,0.05015531809145125,7.950269150808653
124.0,50.45625,50.456250001447856,0.05015531809145125,7.950269150808653
124.1,50.45625,50.456250001447856,0.05015531809145125,7.950269150808653
124.2,50.45625,50.456250001447856,0.05015531809145125,7.950269150808653
124.3,50.45625,50.456250001447856,0.05015531809145125,7.950269150808653
124.4,50.45625,50.456250001447856,0.05015531809145125,7.950269150808653
124.5,50.45625,50.456250001447856,0.05015531809145125,7.950269150808653
124.6,50.45625,50.456250001447856,0.05015531809145125,7.950269150808653
124.7,50.45625,50.456250001447856,0.05015531809145125,7.950269150808653
124.8,50.45625,50.456250001447856,0.05015531809145125,7.950269150808653
124.9,50.45625,50.456250001447856,0.05015531809145125,7.950269150808653
125.0,50.45625,50.456250001447856,0.05015531809145125,7.950269150808653
125.1,50.45625,50.456250001447856,0.05015531809145125,7.950269150808653
125.2,50.45625,50.456250001447856,0.05015531809145125,7.950269150808653
125.3,50.45625,50.456250001447856,0.05015531809145125,7.950269150808653
125.4,50.45625,50.456250001447856,0.05015531809145125,7.950269150808653
125.5,50.45625,50.456250001447856,0.05015531809145125,7.950269150808653
125.6,50.45625,50.456250001447856,0.05015531809145125,7.950269150808653
125.7,50.45625,50.456250001447856,0.05015531809145125,7.950269150808653
125.8,50.45625,50.456250001447856,0.05015531809145125,7.950269150808653
125.9,50.45625,50.456250001447856,0.05015531809145125,7.950269150808653
126.0,50.45625,50.456250001447856,0.05015531809145125,7.950269150808653
126.1,50.45625,50.456250001447856,0.05015531809145125,7.950269150808653
126.2,50.45625,50.456250001447856,0.05015531809145125,7.950269150808653
126.3,50.45625,50.456250001447856,0.05015531809145125,7.950269150808653
126.4,50.45625,50.456250001447856,0.05015531809145125,7.950269150808653
126.5,50.45625,50.456250001447856,0.05015531809145125,7.950269150808653
126.6,50.45625,50.456250001447856,0.05015531809145125,7.950269150808653
126.7,50.45625,50.456250001447856,0.05015531809145125,7.950269150808653
126.8,50.45625,50.456250001447856,0.05015531809145125,7.950269150808653
126.9,50.45625,50.456250001447856,0.05015531809145125,7.950269150808653
127.0,50.45625,50.456250001447856,0.05015531809145125,7.950269150808653
127.1,50.45625,50.456250001447856,0.05015531809145125,7.950269150808653
127.2,50.45625,50.456250001447856,0.05015531809145125,7.950269150808653
127.3,50.45625,50.456250001447856,0.05015531809145125,7.950269150808653
127.4,50.45625,50.456250001447856,0.05015531809145125,7.950269150808653
127.5,50.45625,50.456250001447856,0.05015531809145125,7.950269150808653
127.6,50.45625,50.456250001447856,0.05015531809145125,7.950269150808653
127.7,50.45625,50.456250001447856,0.05015531809145125,7.950269150808653
127.8,50.45625,50.456250001447856,0.05015531809145125,7.950269150808653
127.9,50.45625,50.456250001447856,0.05015531809145125,7.950269150808653
128.0,50.45625,50.456250001447856,0.05015531809145125,7.950269150808653
128.1,50.456596601009366,50.456597788791555,0.0601553349081399,9.535467385884262
128.2,50.458758163452146,50.45876028706724,0.08496536660482872,13.468783887348078
128.3,50.46387015581131,50.463872681419645,0.1176803485597796,18.656681380599277
128.4,50.47242431640625,50.47242679706257,0.15244153353268167,24.171709632724692
128.5,50.484375941753385,50.484378019903815,0.18445485540769693,29.25478928616158
128.6,50.499251174926755,50.49925258242402,0.20999115906648338,33.314694397054936
128.7,50.51625429391861,50.51625485202189,0.22638630779337565,35.927845523764944
128.8,50.534375,50.53437461937431,0.232041289946433,36.83850858011154
128.9,50.55249570608139,50.55249438680172,0.22642232537205553,35.95933971654414
129.0,50.56949882507324,50.56949665662041,0.21006097246651834,33.372126050456835
129.1,50.58437405824661,50.58437121950768,0.1845542345936089,29.32852643924766
129.2,50.59632568359375,50.596322442862586,0.15256466672796268,24.250616792652277
129.3,50.60487984418869,50.604876559166776,0.1178204820933193,18.731089454857027
129.4,50.60999183654785,50.60998895434381,0.08511565887076188,13.533046701552042
129.5,50.61215339899063,50.612151456118916,0.06031004689295838,9.58946410451603
129.6,50.6125,50.612499622382316,0.05032947415124348,8.002580510501994
129.7,50.6125,50.61249999926087,0.05031076311261927,7.999605442760278
129.8,50.6125,50.61250000180007,0.05031063703815134,7.999585396834794
129.9,50.6125,50.61250000181703,0.050310636188665214,7.999585261765904
130.0,50.6125,50.61250000181707,0.050310636182941404,7.999585260855802
130.1,50.6125,50.61250000181707,0.05031063618290284,7.99958526084967
130.2,50.6125,50.61250000181707,0.05031063618290261,7.999585260849633
130.3,50.6125,50.61250000181707,0.05031063618290261,7.999585260849633
130.4,50.6125,50.61250000181707,0.05031063618290261,7.999585260849633
130.5,50.6125,50.61250000181707,0.05031063618290261,7.999585260849633
130.6,50.6125,50.61250000181707,0.05031063618290261,7.999585260849633
130.7,50.6125,50.61250000181707,0.05031063618290261,7.999585260849633
130.8,50.6125,50.61250000181707,0.05031063618290261,7.999585260849633
130.9,50.6125,50.61250000181707,0.05031063618290261,7.999585260849633
131.0,50.6125,50.61250000181707,0.05031063618290261,7.999585260849633
131.1,50.6125,50.61250000181707,0.05031063618290261,7.999585260849633
131.2,50.6125,50.61250000181707,0.05031063618290261,7.999585260849633
131.3,50.6125,50.61250000181707,0.05031063618290261,7.999585260849633
131.4,50.6125,50.61250000181707,0.05031063618290261,7.999585260849633
131.5,50.6125,50.61250000181707,0.05031063618290261,7.999585260849633
131.6,50.6125,50.61250000181707,0.05031063618290261,7.999585260849633
131.7,50.6125,50.61250000181707,0.05031063618290261,7.999585260849633
131.8,50.6125,50.61250000181707,0.05031063618290261,7.999585260849633
131.9,50.6125,50.61250000181707,0.05031063618290261,7.999585260849633
132.0,50.6125,50.61250000181707,0.05031063618290261,7.999585260849633
132.1,50.6125,50.61250000181707,0.05031063618290261,7.999585260849633
132.2,50.6125,50.61250000181707,0.05031063618290261,7.999585260849633
132.3,50.6125,50.61250000181707,0.05031063618290261,7.999585260849633
132.4,50.6125,50.61250000181707,0.05031063618290261,7.999585260849633
132.5,50.6125,50.61250000181707,0.05031063618290261,7.999585260849633
132.6,50.6125,50.61250000181707,0.05031063618290261,7.999585260849633
132.7,50.6125,50.61250000181707,0.05031063618290261,7.999585260849633
132.8,50.6125,50.61250000181707,0.05031063618290261,7.999585260849633
132.9,50.6125,50.61250000181707,0.05031063618290261,7.999585260849633
133.0,50.6125,50.61250000181707,0.05031063618290261,7.999585260849633
133.1,50.6125,50.61250000181707,0.05031063618290261,7.999585260849633
133.2,50.6125,50.61250000181707,0.05031063618290261,7.999585260849633
133.3,50.6125,50.61250000181707,0.05031063618290261,7.999585260849633
133.4,50.6125,50.61250000181707,0.05031063618290261,7.999585260849633
133.5,50.6125,50.61250000181707,0.05031063618290261,7.999585260849633
133.6,50.6125,50.61250000181707,0.05031063618290261,7.999585260849633
133.7,50.6125,50.61250000181707,0.05031063618290261,7.999585260849633
133.8,50.6125,50.61250000181707,0.05031063618290261,7.999585260849633
133.9,50.6125,50.61250000181707,0.05031063618290261,7.999585260849633
134.0,50.6125,50.61250000181707,0.05031063618290261,7.999585260849633
134.1,50.6125,50.61250000181707,0.05031063618290261,7.999585260849633
134.2,50.6125,50.61250000181707,0.05031063618290261,7.999585260849633
134.3,50.6125,50.61250000181707,0.05031063618290261,7.999585260849633
134.4,50.6125,50.61250000181707,0.05031063618290261,7.999585260849633
134.5,50.6125,50.61250000181707,0.05031063618290261,7.999585260849633
134.6,50.6125,50.61250000181707,0.05031063618290261,7.999585260849633
134.7,50.6125,50.61250000181707,0.05031063618290261,7.999585260849633
134.8,50.6125,50.61250000181707,0.05031063618290261,7.999585260849633
134.9,50.6125,50.61250000181707,0.05031063618290261,7.999585260849633
135.0,50.6125,50.61250000181707,0.05031063618290261,7.999585260849633
135.1,50.6125,50.61250000181707,0.05031063618290261,7.999585260849633
135.2,50.6125,50.61250000181707,0.05031063618290261,7.999585260849633
135.3,50.6125,50.61250000181707,0.05031063618290261,7.999585260849633
135.4,50.6125,50.61250000181707,0.05031063618290261,7.999585260849633
135.5,50.6125,50.61250000181707,0.05031063618290261,7.999585260849633
135.6,50.6125,50.61250000181707,0.05031063618290261,7.999585260849633
135.7,50.6125,50.61250000181707,0.05031063618290261,7.999585260849633
135.8,50.6125,50.61250000181707,0.05031063618290261,7.999585260849633
135.9,50.6125,50.61250000181707,0.05031063618290261,7.999585260849633
136.0,50.6125,50.61250000181707,0.05031063618290261,7.999585260849633
136.1,50.61180679798126,50.61180442712921,0.030310602549525355,4.819436514200045
136.2,50.6074836730957,50.60747943057741,-0.01930946084385228,-3.069974213451107
136.3,50.59725968837738,50.5972546418721,-0.08473942475375407,-13.469836906026298
136.4,50.5801513671875,50.58014641058573,-0.1542617946995581,-24.512541080669394
136.5,50.55624811649322,50.55624396490268,-0.21828843844958873,-34.670125019626326
136.6,50.52649765014648,50.52649483986173,-0.26936104576716163,-42.75666600300305
136.7,50.49249141216278,50.492490300665544,-0.30215134322094617,-47.92931174656552
136.8,50.45625,50.456250765960206,-0.31346130752706086,-49.68768808166712
136.9,50.420008587837216,50.420011231104944,-0.30222337837830593,-47.87192227934212
137.0,50.38600234985351,50.38600669146714,-0.2695006725672315,-42.659883593709466
137.1,50.35625188350677,50.356257565692154,-0.2184871968214126,-34.56442302138398
137.2,50.3323486328125,50.33235511898185,-0.1545080610901202,-24.431395118664362
137.3,50.31524031162262,50.315246886373025,-0.08501969182083348,-13.439063534767534
137.4,50.305016326904294,50.30502209601847,-0.01961004537571861,-3.0991301519295513
137.5,50.300693202018735,50.300697092467786,0.030001178579888363,4.740915257946658
137.6,50.3,50.30000075994042,0.049962324063318186,7.895152012030938
137.7,50.3,50.30000000618284,0.0499997461405666,7.901065409346092
137.8,50.3,50.30000000110394,0.04999999828950246,7.901105253655305
137.9,50.3,50.300000001069634,0.049999999988474694,7.9011055221250945
138.0,50.3,50.30000000106934,0.049999999999922336,7.901105523934029
138.1,50.3,50.30000000106934,0.049999999999999475,7.901105523946219
138.2,50.3,50.30000000106934,0.049999999999999954,7.901105523946295
138.3,50.3,50.30000000106934,0.049999999999999954,7.901105523946295
138.4,50.3,50.30000000106934,0.049999999999999954,7.901105523946295
138.5,50.3,50.30000000106934,0.049999999999999954,7.901105523946295
138.6,50.3,50.30000000106934,0.049999999999999954,7.901105523946295
138.7,50.3,50.30000000106934,0.049999999999999954,7.901105523946295
138.8,50.3,50.30000000106934,0.049999999999999954,7.901105523946295
138.9,50.3,50.30000000106934,0.049999999999999954,7.901105523946295
139.0,50.3,50.30000000106934,0.049999999999999954,7.901105523946295
139.1,50.3,50.30000000106934,0.049999999999999954,7.901105523946295
139.2,50.3,50.30000000106934,0.049999999999999954,7.901105523946295
139.3,50.3,50.30000000106934,0.049999999999999954,7.901105523946295
139.4,50.3,50.30000000106934,0.049999999999999954,7.901105523946295
139.5,50.3,50.30000000106934,0.049999999999999954,7.901105523946295
139.6,50.3,50.30000000106934,0.049999999999999954,7.901105523946295
139.7,50.3,50.30000000106934,0.049999999999999954,7.901105523946295
139.8,50.3,50.30000000106934,0.049999999999999954,7.901105523946295
139.9,50.3,50.30000000106934,0.049999999999999954,7.901105523946295
140.0,50.3,50.30000000106934,0.049999999999999954,7.901105523946295
140.1,50.3,50.30000000106934,0.049999999999999954,7.901105523946295
140.2,50.3,50.30000000106934,0.049999999999999954,7.901105523946295
140.3,50.3,50.30000000106934,0.049999999999999954,7.901105523946295
140.4,50.3,50.30000000106934,0.049999999999999954,7.901105523946295
140.5,50.3,50.30000000106934,0.049999999999999954,7.901105523946295
140.6,50.3,50.30000000106934,0.049999999999999954,7.901105523946295
140.7,50.3,50.30000000106934,0.049999999999999954,7.901105523946295
140.8,50.3,50.30000000106934,0.049999999999999954,7.901105523946295
140.9,50.3,50.30000000106934,0.049999999999999954,7.901105523946295
141.0,50.3,50.30000000106934,0.049999999999999954,7.901105523946295
141.1,50.3,50.30000000106934,0.049999999999999954,7.901105523946295
141.2,50.3,50.30000000106934,0.049999999999999954,7.901105523946295
141.3,50.3,50.30000000106934,0.049999999999999954,7.901105523946295
141.4,50.3,50.30000000106934,0.049999999999999954,7.901105523946295
141.5,50.3,50.30000000106934,0.049999999999999954,7.901105523946295
141.6,50.3,50.30000000106934,0.049999999999999954,7.901105523946295
141.7,50.3,50.30000000106934,0.049999999999999954,7.901105523946295
141.8,50.3,50.30000000106934,0.049999999999999954,7.901105523946295
141.9,50.3,50.30000000106934,0.049999999999999954,7.901105523946295
142.0,50.3,50.30000000106934,0.049999999999999954,7.901105523946295
142.1,50.3,50.30000000106934,0.049999999999999954,7.901105523946295
142.2,50.3,50.30000000106934,0.049999999999999954,7.901105523946295
142.3,50.3,50.30000000106934,0.049999999999999954,7.901105523946295
142.4,50.3,50.30000000106934,0.049999999999999954,7.901105523946295
142.5,50.3,50.30000000106934,0.049999999999999954,7.901105523946295
142.6,50.3,50.30000000106934,0.049999999999999954,7.901105523946295
142.7,50.3,50.30000000106934,0.049999999999999954,7.901105523946295
142.8,50.3,50.30000000106934,0.049999999999999954,7.901105523946295
142.9,50.3,50.30000000106934,0.049999999999999954,7.901105523946295
143.0,50.3,50.30000000106934,0.049999999999999954,7.901105523946295
143.1,50.3,50.30000000106934,0.049999999999999954,7.901105523946295
143.2,50.3,50.30000000106934,0.049999999999999954,7.901105523946295
143.3,50.3,50.30000000106934,0.049999999999999954,7.901105523946295
143.4,50.3,50.30000000106934,0.049999999999999954,7.901105523946295
143.5,50.3,50.30000000106934,0.049999999999999954,7.901105523946295
143.6,50.3,50.30000000106934,0.049999999999999954,7.901105523946295
143.7,50.3,50.30000000106934,0.049999999999999954,7.901105523946295
143.8,50.3,50.30000000106934,0.049999999999999954,7.901105523946295
143.9,50.3,50.30000000106934,0.049999999999999954,7.901105523946295
144.0,50.3,50.30000000106934,0.049999999999999954,7.901105523946295
144.1,50.300693202018735,50.300695575756926,0.07000003363337721,11.061706013278565
144.2,50.305016326904294,50.305020572308415,0.11962009702675486,18.904506906574554
144.3,50.31524031162262,50.31524536101347,0.18505006093665663,29.250864092616762
144.4,50.3323486328125,50.33235359229951,0.25457243088246073,40.25394799905442
144.5,50.35625188350677,50.35625603798226,0.3185990746324913,50.40200531627388
144.6,50.38600234985351,50.38600516302292,0.3696716819500642,58.51618213518061
144.7,50.420008587837216,50.420009702218884,0.4024619794038487,63.7496282305215
144.8,50.45625,50.45624923692392,0.41377194370996345,65.58822463661045
144.9,50.49249141216278,50.492488771778945,0.40253401456120846,63.85269541630067
145.0,50.52649765014648,50.52649331141648,0.36981130875013407,58.70150262081724
145.1,50.55624811649322,50.556242437191166,0.31879783300431525,50.63374162532713
145.2,50.5801513671875,50.58014488390118,0.25481869727302275,40.49125454983365
145.3,50.59725968837738,50.597253116509734,0.18533032800373606,29.459359960803887
145.4,50.6074836730957,50.607477906864005,0.11992068155862116,19.06595901030183
145.5,50.61180679798126,50.611802910414426,0.07030945760301421,11.179321049699473
145.6,50.6125,50.61249924294146,0.050348312119584376,8.005575760108481
145.7,50.6125,50.61249999669878,0.050310890042335965,7.999625624669995
145.8,50.6125,50.61250000177743,0.0503106378934001,7.999585532819068
145.9,50.6125,50.61250000181151,0.05031063619442787,7.9995852626813155
146.0,50.6125,50.61250000181163,0.05031063618298023,7.999585260861115
146.1,50.6125,50.61250000181163,0.05031063618290309,7.99958526084885
146.2,50.6125,50.61250000181163,0.05031063618290261,7.999585260848773
146.3,50.6125,50.61250000181163,0.05031063618290261,7.999585260848773
146.4,50.6125,50.61250000181163,0.05031063618290261,7.999585260848773
146.5,50.6125,50.61250000181163,0.05031063618290261,7.999585260848773
146.6,50.6125,50.61250000181163,0.05031063618290261,7.999585260848773
146.7,50.6125,50.61250000181163,0.05031063618290261,7.999585260848773
146.8,50.6125,50.61250000181163,0.05031063618290261,7.999585260848773
146.9,50.6125,50.61250000181163,0.05031063618290261,7.999585260848773
147.0,50.6125,50.61250000181163,0.05031063618290261,7.999585260848773
147.1,50.6125,50.61250000181163,0.05031063618290261,7.999585260848773
147.2,50.6125,50.61250000181163,0.05031063618290261,7.999585260848773
147.3,50.6125,50.61250000181163,0.05031063618290261,7.999585260848773
147.4,50.6125,50.61250000181163,0.05031063618290261,7.999585260848773
147.5,50.6125,50.61250000181163,0.05031063618290261,7.999585260848773
147.6,50.6125,50.61250000181163,0.05031063618290261,7.999585260848773
147.7,50.6125,50.61250000181163,0.05031063618290261,7.999585260848773
147.8,50.6125,50.61250000181163,0.05031063618290261,7.999585260848773
147.9,50.6125,50.61250000181163,0.05031063618290261,7.999585260848773
148.0,50.6125,50.61250000181163,0.05031063618290261,7.999585260848773
148.1,50.6125,50.61250000181163,0.05031063618290261,7.999585260848773
148.2,50.6125,50.61250000181163,0.05031063618290261,7.999585260848773
148.3,50.6125,50.61250000181163,0.05031063618290261,7.999585260848773
148.4,50.6125,50.61250000181163,0.05031063618290261,7.999585260848773
148.5,50.6125,50.61250000181163,0.05031063618290261,7.999585260848773
148.6,50.6125,50.61250000181163,0.05031063618290261,7.999585260848773
148.7,50.6125,50.61250000181163,0.05031063618290261,7.999585260848773
148.8,50.6125,50.61250000181163,0.05031063618290261,7.999585260848773
148.9,50.6125,50.61250000181163,0.05031063618290261,7.999585260848773
149.0,50.6125,50.61250000181163,0.05031063618290261,7.999585260848773
149.1,50.6125,50.61250000181163,0.05031063618290261,7.999585260848773
149.2,50.6125,50.61250000181163,0.05031063618290261,7.999585260848773
149.3,50.6125,50.61250000181163,0.05031063618290261,7.999585260848773
149.4,50.6125,50.61250000181163,0.05031063618290261,7.999585260848773
149.5,50.6125,50.61250000181163,0.05031063618290261,7.999585260848773
149.6,50.6125,50.61250000181163,0.05031063618290261,7.999585260848773
149.7,50.6125,50.61250000181163,0.05031063618290261,7.999585260848773
149.8,50.6125,50.61250000181163,0.05031063618290261,7.999585260848773
149.9,50.6125,50.61250000181163,0.05031063618290261,7.999585260848773
150.0,50.6125,50.61250000181163,0.05031063618290261,7.999585260848773
150.1,50.6125,50.61250000181163,0.05031063618290261,7.999585260848773
150.2,50.6125,50.61250000181163,0.05031063618290261,7.999585260848773
150.3,50.6125,50.61250000181163,0.05031063618290261,7.999585260848773
150.4,50.6125,50.61250000181163,0.05031063618290261,7.999585260848773
150.5,50.6125,50.61250000181163,0.05031063618290261,7.999585260848773
150.6,50.6125,50.61250000181163,0.05031063618290261,7.999585260848773
150.7,50.6125,50.61250000181163,0.05031063618290261,7.999585260848773
150.8,50.6125,50.61250000181163,0.05031063618290261,7.999585260848773
150.9,50.6125,50.61250000181163,0.05031063618290261,7.999585260848773
151.0,50.6125,50.61250000181163,0.05031063618290261,7.999585260848773
151.1,50.6125,50.61250000181163,0.05031063618290261,7.999585260848773
151.2,50.6125,50.61250000181163,0.05031063618290261,7.999585260848773
151.3,50.6125,50.61250000181163,0.05031063618290261,7.999585260848773
151.4,50.6125,50.61250000181163,0.05031063618290261,7.999585260848773
151.5,50.6125,50.61250000181163,0.05031063618290261,7.999585260848773
151.6,50.6125,50.61250000181163,0.05031063618290261,7.999585260848773
151.7,50.6125,50.61250000181163,0.05031063618290261,7.999585260848773
151.8,50.6125,50.61250000181163,0.05031063618290261,7.999585260848773
151.9,50.6125,50.61250000181163,0.05031063618290261,7.999585260848773
152.0,50.6125,50.61250000181163,0.05031063618290261,7.999585260848773
152.1,50.61146019697189,50.611456639779924,0.02031058573283674,3.229394919114975
152.2,50.60497550964355,50.604969144952356,-0.05411950935722971,-8.60393038368041
152.3,50.58963953256607,50.589631961894455,-0.15226445522208246,-24.199696851752293
152.4,50.56397705078125,50.563969614965025,-0.25654801014078854,-40.75300941815093
152.5,50.528122174739835,50.52811594644056,-0.35258797576583434,-55.96937730840757
152.6,50.483496475219724,50.4834922588792,-0.42919688674219375,-68.07001180250481
152.7,50.43248711824417,50.43248545008496,-0.47838233292287047,-75.79409591689564
152.8,50.378125,50.37812614802708,-0.4953472793820425,-78.39740080640108
152.9,50.323762881755826,50.32376684574418,-0.47849038565891017,-75.6477874266395
153.0,50.27275352478027,50.27276003628749,-0.42940632694229847,-67.81894678561535
153.1,50.22812782526016,50.22813634762512,-0.3528861133235702,-55.68413858489317
153.2,50.19227294921875,50.192282677559774,-0.2569174097266315,-40.51168943694027
153.3,50.16661046743393,50.16662032864656,-0.15268485582270153,-24.06360444478605
153.4,50.15127449035644,50.15128314311481,-0.05457038615502921,-8.597831880439243
153.5,50.144789803028104,50.14479563778885,0.019846449778381264,3.1265009711258123
153.6,50.14375,50.14375113899793,0.049788168003525986,7.84319185296658
153.7,50.14375,50.143750008361664,0.0498443011193986,7.852034395279492
153.8,50.14375,50.143750000743374,0.0498446793428024,7.852093976087062
153.9,50.14375,50.14375000069199,0.04984468189126076,7.852094377540813
154.0,50.14375,50.14375000069162,0.049844681908432206,7.852094380245793
154.1,50.14375,50.14375000069162,0.04984468190854791,7.852094380264021
154.2,50.14375,50.14375000069162,0.04984468190854866,7.8520943802641385
154.3,50.14375,50.14375000069162,0.04984468190854866,7.8520943802641385
154.4,50.14375,50.14375000069162,0.04984468190854866,7.8520943802641385
154.5,50.14375,50.14375000069162,0.04984468190854866,7.8520943802641385
154.6,50.14375,50.14375000069162,0.04984468190854866,7.8520943802641385
154.7,50.14375,50.14375000069162,0.04984468190854866,7.8520943802641385
154.8,50.14375,50.14375000069162,0.04984468190854866,7.8520943802641385
154.9,50.14375,50.14375000069162,0.04984468190854866,7.8520943802641385
155.0,50.14375,50.14375000069162,0.04984468190854866,7.8520943802641385
155.1,50.14375,50.14375000069162,0.04984468190854866,7.8520943802641385
155.2,50.14375,50.14375000069162,0.04984468190854866,7.8520943802641385
155.3,50.14375,50.14375000069162,0.04984468190854866,7.8520943802641385
155.4,50.14375,50.14375000069162,0.04984468190854866,7.8520943802641385
155.5,50.14375,50.14375000069162,0.04984468190854866,7.8520943802641385
155.6,50.14375,50.14375000069162,0.04984468190854866,7.8520943802641385
155.7,50.14375,50.14375000069162,0.04984468190854866,7.8520943802641385
155.8,50.14375,50.14375000069162,0.04984468190854866,7.8520943802641385
155.9,50.14375,50.14375000069162,0.04984468190854866,7.8520943802641385
156.0,50.14375,50.14375000069162,0.04984468190854866,7.8520943802641385
156.1,50.14375,50.14375000069162,0.04984468190854866,7.8520943802641385
156.2,50.14375,50.14375000069162,0.04984468190854866,7.8520943802641385
156.3,50.14375,50.14375000069162,0.04984468190854866,7.8520943802641385
156.4,50.14375,50.14375000069162,0.04984468190854866,7.8520943802641385
156.5,50.14375,50.14375000069162,0.04984468190854866,7.8520943802641385
156.6,50.14375,50.14375000069162,0.04984468190854866,7.8520943802641385
156.7,50.14375,50.14375000069162,0.04984468190854866,7.8520943802641385
156.8,50.14375,50.14375000069162,0.04984468190854866,7.8520943802641385
156.9,50.14375,50.14375000069162,0.04984468190854866,7.8520943802641385
157.0,50.14375,50.14375000069162,0.04984468190854866,7.8520943802641385
157.1,50.14375,50.14375000069162,0.04984468190854866,7.8520943802641385
157.2,50.14375,50.14375000069162,0.04984468190854866,7.8520943802641385
157.3,50.14375,50.14375000069162,0.04984468190854866,7.8520943802641385
157.4,50.14375,50.14375000069162,0.04984468190854866,7.8520943802641385
157.5,50.14375,50.14375000069162,0.04984468190854866,7.8520943802641385
157.6,50.14375,50.14375000069162,0.04984468190854866,7.8520943802641385
157.7,50.14375,50.14375000069162,0.04984468190854866,7.8520943802641385
157.8,50.14375,50.14375000069162,0.04984468190854866,7.8520943802641385
157.9,50.14375,50.14375000069162,0.04984468190854866,7.8520943802641385
158.0,50.14375,50.14375000069162,0.04984468190854866,7.8520943802641385
158.1,50.14375,50.14375000069162,0.04984468190854866,7.8520943802641385
158.2,50.14375,50.14375000069162,0.04984468190854866,7.8520943802641385
158.3,50.14375,50.14375000069162,0.04984468190854866,7.8520943802641385
158.4,50.14375,50.14375000069162,0.04984468190854866,7.8520943802641385
158.5,50.14375,50.14375000069162,0.04984468190854866,7.8520943802641385
158.6,50.14375,50.14375000069162,0.04984468190854866,7.8520943802641385
158.7,50.14375,50.14375000069162,0.04984468190854866,7.8520943802641385
158.8,50.14375,50.14375000069162,0.04984468190854866,7.8520943802641385
158.9,50.14375,50.14375000069162,0.04984468190854866,7.8520943802641385
159.0,50.14375,50.14375000069162,0.04984468190854866,7.8520943802641385
159.1,50.14375,50.14375000069162,0.04984468190854866,7.8520943802641385
159.2,50.14375,50.14375000069162,0.04984468190854866,7.8520943802641385
159.3,50.14375,50.14375000069162,0.04984468190854866,7.8520943802641385
159.4,50.14375,50.14375000069162,0.04984468190854866,7.8520943802641385
159.5,50.14375,50.14375000069162,0.04984468190854866,7.8520943802641385
159.6,50.14375,50.14375000069162,0.04984468190854866,7.8520943802641385
159.7,50.14375,50.14375000069162,0.04984468190854866,7.8520943802641385
159.8,50.14375,50.14375000069162,0.04984468190854866,7.8520943802641385
159.9,50.14375,50.14375000069162,0.04984468190854866,7.8520943802641385
160.0,50.14375,50.14375000069162,0.04984468190854866,7.8520943802641385
160.1,50.144789803028104,50.14479336272306,0.07984473235861453,12.578301143034174
160.2,50.15127449035644,50.15128085755039,0.15427482744868098,24.30675431853087
160.3,50.16661046743393,50.16661804060806,0.25241977331353366,39.78213339690407
160.4,50.19227294921875,50.19228038753721,0.35670332823223977,56.24630035984101
160.5,50.22812782526016,50.228134056061435,0.4527432938572856,71.44123335118886
160.6,50.27275352478027,50.2727577436225,0.529352204833645,83.60404847522902
160.7,50.323762881755826,50.32376455241649,0.5785376510143218,91.46493338112165
160.8,50.378125,50.37812385447415,0.5955025974734939,94.24873343034875
160.9,50.43248711824417,50.432483156756774,0.5786457037503613,91.67965236012148
161.0,50.483496475219724,50.48348996621314,0.5295616450337497,83.98771497193295
161.1,50.528122174739835,50.528113654875305,0.4530414314150215,71.91523081909008
161.2,50.56397705078125,50.5639673249404,0.3570727278180828,56.72149853239554
161.3,50.58963953256607,50.58962967385332,0.25284017391415275,40.18439677869175
161.4,50.60497550964355,50.604966859384824,0.1547257042464805,24.59832218710034
161.5,50.61146019697189,50.61145436471049,0.08030886831307,12.769156096401087
161.6,50.6125,50.612498863501166,0.05036715008792529,8.00857100967015
161.7,50.6125,50.61249999413719,0.05031101697205267,7.9996458065797915
161.8,50.6125,50.612500001755215,0.05031063874864887,7.9995856688034115
161.9,50.6125,50.612500001806374,0.05031063620019051,7.999585263596786
162.0,50.6125,50.612500001806595,0.050310636183019064,7.9995852608664935
162.1,50.6125,50.612500001806595,0.05031063618290336,7.999585260848096
162.2,50.6125,50.612500001806595,0.05031063618290261,7.999585260847977
162.3,50.6125,50.612500001806595,0.05031063618290261,7.999585260847977
162.4,50.6125,50.612500001806595,0.05031063618290261,7.999585260847977
162.5,50.6125,50.612500001806595,0.05031063618290261,7.999585260847977
162.6,50.6125,50.612500001806595,0.05031063618290261,7.999585260847977
162.7,50.6125,50.612500001806595,0.05031063618290261,7.999585260847977
162.8,50.6125,50.612500001806595,0.05031063618290261,7.999585260847977
162.9,50.6125,50.612500001806595,0.05031063618290261,7.999585260847977
163.0,50.6125,50.612500001806595,0.05031063618290261,7.999585260847977
163.1,50.6125,50.612500001806595,0.05031063618290261,7.999585260847977
163.2,50.6125,50.612500001806595,0.05031063618290261,7.999585260847977
163.3,50.6125,50.612500001806595,0.05031063618290261,7.999585260847977
163.4,50.6125,50.612500001806595,0.05031063618290261,7.999585260847977
163.5,50.6125,50.612500001806595,0.05031063618290261,7.999585260847977
163.6,50.6125,50.612500001806595,0.05031063618290261,7.999585260847977
163.7,50.6125,50.612500001806595,0.05031063618290261,7.999585260847977
163.8,50.6125,50.612500001806595,0.05031063618290261,7.999585260847977
163.9,50.6125,50.612500001806595,0.05031063618290261,7.999585260847977
164.0,50.6125,50.612500001806595,0.05031063618290261,7.999585260847977
164.1,50.6125,50.612500001806595,0.05031063618290261,7.999585260847977
164.2,50.6125,50.612500001806595,0.05031063618290261,7.999585260847977
164.3,50.6125,50.612500001806595,0.05031063618290261,7.999585260847977
164.4,50.6125,50.612500001806595,0.05031063618290261,7.999585260847977
164.5,50.6125,50.612500001806595,0.05031063618290261,7.999585260847977
164.6,50.6125,50.612500001806595,0.05031063618290261,7.999585260847977
164.7,50.6125,50.612500001806595,0.05031063618290261,7.999585260847977
164.8,50.6125,50.612500001806595,0.05031063618290261,7.999585260847977
164.9,50.6125,50.612500001806595,0.05031063618290261,7.999585260847977
165.0,50.6125,50.612500001806595,0.05031063618290261,7.999585260847977
165.1,50.6125,50.612500001806595,0.05031063618290261,7.999585260847977
165.2,50.6125,50.612500001806595,0.05031063618290261,7.999585260847977
165.3,50.6125,50.612500001806595,0.05031063618290261,7.999585260847977
165.4,50.6125,50.612500001806595,0.05031063618290261,7.999585260847977
165.5,50.6125,50.612500001806595,0.05031063618290261,7.999585260847977
165.6,50.6125,50.612500001806595,0.05031063618290261,7.999585260847977
165.7,50.6125,50.612500001806595,0.05031063618290261,7.999585260847977
165.8,50.6125,50.612500001806595,0.05031063618290261,7.999585260847977
165.9,50.6125,50.612500001806595,0.05031063618290261,7.999585260847977
166.0,50.6125,50.612500001806595,0.05031063618290261,7.999585260847977
166.1,50.6125,50.612500001806595,0.05031063618290261,7.999585260847977
166.2,50.6125,50.612500001806595,0.05031063618290261,7.999585260847977
166.3,50.6125,50.612500001806595,0.05031063618290261,7.999585260847977
166.4,50.6125,50.612500001806595,0.05031063618290261,7.999585260847977
166.5,50.6125,50.612500001806595,0.05031063618290261,7.999585260847977
166.6,50.6125,50.612500001806595,0.05031063618290261,7.999585260847977
166.7,50.6125,50.612500001806595,0.05031063618290261,7.999585260847977
166.8,50.6125,50.612500001806595,0.05031063618290261,7.999585260847977
166.9,50.6125,50.612500001806595,0.05031063618290261,7.999585260847977
167.0,50.6125,50.612500001806595,0.05031063618290261,7.999585260847977
167.1,50.6125,50.612500001806595,0.05031063618290261,7.999585260847977
167.2,50.6125,50.612500001806595,0.05031063618290261,7.999585260847977
167.3,50.6125,50.612500001806595,0.05031063618290261,7.999585260847977
167.4,50.6125,50.612500001806595,0.05031063618290261,7.999585260847977
167.5,50.6125,50.612500001806595,0.05031063618290261,7.999585260847977
167.6,50.6125,50.612500001806595,0.05031063618290261,7.999585260847977
167.7,50.6125,50.612500001806595,0.05031063618290261,7.999585260847977
167.8,50.6125,50.612500001806595,0.05031063618290261,7.999585260847977
167.9,50.6125,50.612500001806595,0.05031063618290261,7.999585260847977
168.0,50.6125,50.612500001806595,0.05031063618290261,7.999585260847977
168.1,50.61111359596252,50.611108852431066,0.010310568916148129,1.6393751761902968
168.2,50.6024673461914,50.60245885932769,-0.08892955787060713,-14.137337509295227
168.3,50.58201937675476,50.582009281917216,-0.2197894856904107,-34.92632270567001
168.4,50.547802734375,50.54779281934472,-0.3588342255820188,-56.983081200113695
168.5,50.49999623298645,50.49998792797883,-0.48688751308208,-77.24489436288442
168.6,50.440495300292966,50.44048967789712,-0.5890327277172258,-93.34017104705714
168.7,50.37248282432556,50.37248059950486,-0.6546133226247949,-103.59243719830798
168.8,50.3,50.30000153009439,-0.6772332512370243,-107.01783090011926
168.9,50.227517175674436,50.2275224603839,-0.6547573929395144,-103.31706015873837
169.0,50.15950469970703,50.1595133811084,-0.5893119813173656,-92.86422915393939
169.1,50.10000376701355,50.100015129558585,-0.48728502982572786,-76.69566176333092
169.2,50.052197265625,50.052210236138144,-0.359326758363143,-56.50185317422886
169.3,50.017980623245236,50.01799377092067,-0.22035001982456953,-34.624956362944445
169.4,49.99753265380859,49.997544190211755,-0.08953072693433979,-14.062762957028706
169.5,49.98888640403747,49.988894183110574,0.009691720976874157,1.5220338273925291
169.6,49.9875,49.98750151805607,0.049614011943733785,7.791402670799415
169.7,49.9875,49.98750001054109,0.049688856098230615,7.803155989003528
169.8,49.9875,49.98750000038343,0.04968936039610235,7.803235182538617
169.9,49.9875,49.987500000314945,0.049689363794046836,7.803235716142361
170.0,49.9875,49.9875000003145,0.049689363816942105,7.803235719737774
170.1,49.9875,49.9875000003145,0.04968936381709637,7.803235719762
170.2,49.9875,49.9875000003145,0.049689363817097376,7.803235719762157
170.3,49.9875,49.9875000003145,0.049689363817097376,7.803235719762157
170.4,49.9875,49.9875000003145,0.049689363817097376,7.803235719762157
170.5,49.9875,49.9875000003145,0.049689363817097376,7.803235719762157
170.6,49.9875,49.9875000003145,0.049689363817097376,7.803235719762157
170.7,49.9875,49.9875000003145,0.049689363817097376,7.803235719762157
170.8,49.9875,49.9875000003145,0.049689363817097376,7.803235719762157
170.9,49.9875,49.9875000003145,0.049689363817097376,7.803235719762157
171.0,49.9875,49.9875000003145,0.049689363817097376,7.803235719762157
171.1,49.9875,49.9875000003145,0.049689363817097376,7.803235719762157
171.2,49.9875,49.9875000003145,0.049689363817097376,7.803235719762157
171.3,49.9875,49.9875000003145,0.049689363817097376,7.803235719762157
171.4,49.9875,49.9875000003145,0.049689363817097376,7.803235719762157
171.5,49.9875,49.9875000003145,0.049689363817097376,7.803235719762157
171.6,49.9875,49.9875000003145,0.049689363817097376,7.803235719762157
171.7,49.9875,49.9875000003145,0.049689363817097376,7.803235719762157
171.8,49.9875,49.9875000003145,0.049689363817097376,7.803235719762157
171.9,49.9875,49.9875000003145,0.049689363817097376,7.803235719762157
172.0,49.9875,49.9875000003145,0.049689363817097376,7.803235719762157
172.1,49.9875,49.9875000003145,0.049689363817097376,7.803235719762157
172.2,49.9875,49.9875000003145,0.049689363817097376,7.803235719762157
172.3,49.9875,49.9875000003145,0.049689363817097376,7.803235719762157
172.4,49.9875,49.9875000003145,0.049689363817097376,7.803235719762157
172.5,49.9875,49.9875000003145,0.049689363817097376,7.803235719762157
172.6,49.9875,49.9875000003145,0.049689363817097376,7.803235719762157
172.7,49.9875,49.9875000003145,0.049689363817097376,7.803235719762157
172.8,49.9875,49.9875000003145,0.049689363817097376,7.803235719762157
172.9,49.9875,49.9875000003145,0.049689363817097376,7.803235719762157
173.0,49.9875,49.9875000003145,0.049689363817097376,7.803235719762157
173.1,49.9875,49.9875000003145,0.049689363817097376,7.803235719762157
173.2,49.9875,49.9875000003145,0.049689363817097376,7.803235719762157
173.3,49.9875,49.9875000003145,0.049689363817097376,7.803235719762157
173.4,49.9875,49.9875000003145,0.049689363817097376,7.803235719762157
173.5,49.9875,49.9875000003145,0.049689363817097376,7.803235719762157
173.6,49.9875,49.9875000003145,0.049689363817097376,7.803235719762157
173.7,49.9875,49.9875000003145,0.049689363817097376,7.803235719762157
173.8,49.9875,49.9875000003145,0.049689363817097376,7.803235719762157
173.9,49.9875,49.9875000003145,0.049689363817097376,7.803235719762157
174.0,49.9875,49.9875000003145,0.049689363817097376,7.803235719762157
174.1,49.9875,49.9875000003145,0.049689363817097376,7.803235719762157
174.2,49.9875,49.9875000003145,0.049689363817097376,7.803235719762157
174.3,49.9875,49.9875000003145,0.049689363817097376,7.803235719762157
174.4,49.9875,49.9875000003145,0.049689363817097376,7.803235719762157
174.5,49.9875,49.9875000003145,0.049689363817097376,7.803235719762157
174.6,49.9875,49.9875000003145,0.049689363817097376,7.803235719762157
174.7,49.9875,49.9875000003145,0.049689363817097376,7.803235719762157
174.8,49.9875,49.9875000003145,0.049689363817097376,7.803235719762157
174.9,49.9875,49.9875000003145,0.049689363817097376,7.803235719762157
175.0,49.9875,49.9875000003145,0.049689363817097376,7.803235719762157
175.1,49.9875,49.9875000003145,0.049689363817097376,7.803235719762157
175.2,49.9875,49.9875000003145,0.049689363817097376,7.803235719762157
175.3,49.9875,49.9875000003145,0.049689363817097376,7.803235719762157
175.4,49.9875,49.9875000003145,0.049689363817097376,7.803235719762157
175.5,49.9875,49.9875000003145,0.049689363817097376,7.803235719762157
175.6,49.9875,49.9875000003145,0.049689363817097376,7.803235719762157
175.7,49.9875,49.9875000003145,0.049689363817097376,7.803235719762157
175.8,49.9875,49.9875000003145,0.049689363817097376,7.803235719762157
175.9,49.9875,49.9875000003145,0.049689363817097376,7.803235719762157
176.0,49.9875,49.9875000003145,0.049689363817097376,7.803235719762157
176.1,49.98888640403747,49.988891149689834,0.08968943108385184,14.08525277515113
176.2,49.99753265380859,49.997541142793004,0.18892955787060714,29.675526123217196
176.3,50.017980623245236,50.017990720203294,0.31978948569041066,50.25048929346157
176.4,50.052197265625,50.05220718277554,0.4588342255820188,72.148766715085
176.5,50.10000376701355,50.10001207414124,0.58688751308208,92.37247339090729
176.6,50.15950469970703,50.159510324222765,0.6890327277172258,108.57829341720125
176.7,50.227517175674436,50.22751940261482,0.7546133226247949,119.07376097556666
176.8,50.3,50.299998472025116,0.7772332512370242,122.82003496132776
176.9,50.37248282432556,50.37247754173536,0.7547573929395144,119.44021054800798
177.0,50.440495300292966,50.44048662101063,0.6893119813173656,109.23076310380543
177.1,50.49999623298645,50.49998487256023,0.5872850298257279,93.17299402053764
177.2,50.547802734375,50.54778976598038,0.45932675836314296,72.94134874033878
177.3,50.58201937675476,50.58200623119773,0.3203500198245695,50.906199908521245
177.4,50.6024673461914,50.602455811906474,0.18953072693433978,30.13013623194789
177.5,50.61111359596252,50.61110581900748,0.09030827902312583,14.358969244621042
177.6,50.6125,50.6124984840618,0.05038598805626619,8.011566259187054
177.7,50.6125,50.61249999157657,0.05031114390176937,7.999665988489738
177.8,50.6125,50.612500001733956,0.05031063960389764,7.9995858047879045
177.9,50.6125,50.612500001802175,0.05031063620595315,7.999585264512404
178.0,50.6125,50.61250000180251,0.05031063618305788,7.999585260872021
178.1,50.6125,50.61250000180251,0.050310636182903615,7.999585260847492
178.2,50.6125,50.61250000180251,0.05031063618290261,7.999585260847332
178.3,50.6125,50.61250000180251,0.05031063618290261,7.999585260847332
178.4,50.6125,50.61250000180251,0.05031063618290261,7.999585260847332
178.5,50.6125,50.61250000180251,0.05031063618290261,7.999585260847332
178.6,50.6125,50.61250000180251,0.05031063618290261,7.999585260847332
178.7,50.6125,50.61250000180251,0.05031063618290261,7.999585260847332
178.8,50.6125,50.61250000180251,0.05031063618290261,7.999585260847332
178.9,50.6125,50.61250000180251,0.05031063618290261,7.999585260847332
179.0,50.6125,50.61250000180251,0.05031063618290261,7.999585260847332
179.1,50.6125,50.61250000180251,0.05031063618290261,7.999585260847332
179.2,50.6125,50.61250000180251,0.05031063618290261,7.999585260847332
179.3,50.6125,50.61250000180251,0.05031063618290261,7.999585260847332
179.4,50.6125,50.61250000180251,0.05031063618290261,7.999585260847332
179.5,50.6125,50.61250000180251,0.05031063618290261,7.999585260847332
179.6,50.6125,50.61250000180251,0.05031063618290261,7.999585260847332
179.7,50.6125,50.61250000180251,0.05031063618290261,7.999585260847332
179.8,50.6125,50.61250000180251,0.05031063618290261,7.999585260847332
179.9,50.6125,50.61250000180251,0.05031063618290261,7.999585260847332
180.0,50.6125,50.61250000180251,0.05031063618290261,7.999585260847332
180.1,50.6125,50.61250000180251,0.05031063618290261,7.999585260847332
180.2,50.6125,50.61250000180251,0.05031063618290261,7.999585260847332
180.3,50.6125,50.61250000180251,0.05031063618290261,7.999585260847332
180.4,50.6125,50.61250000180251,0.05031063618290261,7.999585260847332
180.5,50.6125,50.61250000180251,0.05031063618290261,7.999585260847332
180.6,50.6125,50.61250000180251,0.05031063618290261,7.999585260847332
180.7,50.6125,50.61250000180251,0.05031063618290261,7.999585260847332
180.8,50.6125,50.61250000180251,0.05031063618290261,7.999585260847332
180.9,50.6125,50.61250000180251,0.05031063618290261,7.999585260847332
181.0,50.6125,50.61250000180251,0.05031063618290261,7.999585260847332
181.1,50.6125,50.61250000180251,0.05031063618290261,7.999585260847332
181.2,50.6125,50.61250000180251,0.05031063618290261,7.999585260847332
181.3,50.6125,50.61250000180251,0.05031063618290261,7.999585260847332
181.4,50.6125,50.61250000180251,0.05031063618290261,7.999585260847332
181.5,50.6125,50.61250000180251,0.05031063618290261,7.999585260847332
181.6,50.6125,50.61250000180251,0.05031063618290261,7.999585260847332
181.7,50.6125,50.61250000180251,0.05031063618290261,7.999585260847332
181.8,50.6125,50.61250000180251,0.05031063618290261,7.999585260847332
181.9,50.6125,50.61250000180251,0.05031063618290261,7.999585260847332
182.0,50.6125,50.61250000180251,0.05031063618290261,7.999585260847332
182.1,50.6125,50.61250000180251,0.05031063618290261,7.999585260847332
182.2,50.6125,50.61250000180251,0.05031063618290261,7.999585260847332
182.3,50.6125,50.61250000180251,0.05031063618290261,7.999585260847332
182.4,50.6125,50.61250000180251,0.05031063618290261,7.999585260847332
182.5,50.6125,50.61250000180251,0.05031063618290261,7.999585260847332
182.6,50.6125,50.61250000180251,0.05031063618290261,7.999585260847332
182.7,50.6125,50.61250000180251,0.05031063618290261,7.999585260847332
182.8,50.6125,50.61250000180251,0.05031063618290261,7.999585260847332
182.9,50.6125,50.61250000180251,0.05031063618290261,7.999585260847332
183.0,50.6125,50.61250000180251,0.05031063618290261,7.999585260847332
183.1,50.6125,50.61250000180251,0.05031063618290261,7.999585260847332
183.2,50.6125,50.61250000180251,0.05031063618290261,7.999585260847332
183.3,50.6125,50.61250000180251,0.05031063618290261,7.999585260847332
183.4,50.6125,50.61250000180251,0.05031063618290261,7.999585260847332
183.5,50.6125,50.61250000180251,0.05031063618290261,7.999585260847332
183.6,50.6125,50.61250000180251,0.05031063618290261,7.999585260847332
183.7,50.6125,50.61250000180251,0.05031063618290261,7.999585260847332
183.8,50.6125,50.61250000180251,0.05031063618290261,7.999585260847332
183.9,50.6125,50.61250000180251,0.05031063618290261,7.999585260847332
184.0,50.6125,50.61250000180251,0.05031063618290261,7.999585260847332
184.1,50.61076699495315,50.61076106508315,0.0003105520994595146,0.049377285425971175
184.2,50.599959182739255,50.59994857370399,-0.12373960638398458,-19.670195590295915
184.3,50.57439922094345,50.57438660194093,-0.2873145161587391,-45.64971446778025
184.4,50.53162841796875,50.5316160237254,-0.46112044102324923,-73.20275642655899
184.5,50.47187029123306,50.471859909518045,-0.6211870503983254,-98.4966761830584
184.6,50.39749412536621,50.397487096915974,-0.7488685686922579,-118.5671437366619
184.7,50.31247853040695,50.31247574892564,-0.8308443123267192,-131.32433559080434
184.8,50.221875,50.2218769121626,-0.859119223092006,-135.5489783628236
184.9,50.131271469593045,50.131278075024554,-0.8310244002201186,-130.87974047564072
185.0,50.046255874633786,50.046266725930195,-0.7492176356924326,-117.79573069868312
185.1,49.971879708766934,49.97189391149301,-0.6216839463278856,-97.59899255669876
185.2,49.91212158203125,49.912137794717594,-0.46173610699965434,-72.40188633053144
185.3,49.869350779056546,49.86936721319575,-0.28801518382643754,-45.12311928924345
185.4,49.84379081726074,49.843805237309624,-0.1244910677136504,-19.49392338169828
185.5,49.83298300504684,49.83299272843315,-0.00046300782463295164,-0.07248617325325311
185.6,49.83125,49.83125189711506,0.0494398558839416,7.73978446552948
185.7,49.83125,49.831250012721355,0.04953341107706263,7.754430190518234
185.8,49.83125,49.83125000002438,0.0495340414494023,7.754528873010014
185.9,49.83125,49.83124999993885,0.0495340456968329,7.754529537929793
186.0,49.83125,49.83124999993831,0.04953404572545198,7.754529542410011
186.1,49.83125,49.83124999993831,0.04953404572564482,7.7545295424402
186.2,49.83125,49.83124999993831,0.049534045725646084,7.754529542440397
186.3,49.83125,49.83124999993831,0.049534045725646084,7.754529542440397
186.4,49.83125,49.83124999993831,0.049534045725646084,7.754529542440397
186.5,49.83125,49.83124999993831,0.049534045725646084,7.754529542440397
186.6,49.83125,49.83124999993831,0.049534045725646084,7.754529542440397
186.7,49.83125,49.83124999993831,0.049534045725646084,7.754529542440397
186.8,49.83125,49.83124999993831,0.049534045725646084,7.754529542440397
186.9,49.83125,49.83124999993831,0.049534045725646084,7.754529542440397
187.0,49.83125,49.83124999993831,0.049534045725646084,7.754529542440397
187.1,49.83125,49.83124999993831,0.049534045725646084,7.754529542440397
187.2,49.83125,49.83124999993831,0.049534045725646084,7.754529542440397
187.3,49.83125,49.83124999993831,0.049534045725646084,7.754529542440397
187.4,49.83125,49.83124999993831,0.049534045725646084,7.754529542440397
187.5,49.83125,49.83124999993831,0.049534045725646084,7.754529542440397
187.6,49.83125,49.83124999993831,0.049534045725646084,7.754529542440397
187.7,49.83125,49.83124999993831,0.049534045725646084,7.754529542440397
187.8,49.83125,49.83124999993831,0.049534045725646084,7.754529542440397
187.9,49.83125,49.83124999993831,0.049534045725646084,7.754529542440397
188.0,49.83125,49.83124999993831,0.049534045725646084,7.754529542440397
188.1,49.83125,49.83124999993831,0.049534045725646084,7.754529542440397
188.2,49.83125,49.83124999993831,0.049534045725646084,7.754529542440397
188.3,49.83125,49.83124999993831,0.049534045725646084,7.754529542440397
188.4,49.83125,49.83124999993831,0.049534045725646084,7.754529542440397
188.5,49.83125,49.83124999993831,0.049534045725646084,7.754529542440397
188.6,49.83125,49.83124999993831,0.049534045725646084,7.754529542440397
188.7,49.83125,49.83124999993831,0.049534045725646084,7.754529542440397
188.8,49.83125,49.83124999993831,0.049534045725646084,7.754529542440397
188.9,49.83125,49.83124999993831,0.049534045725646084,7.754529542440397
189.0,49.83125,49.83124999993831,0.049534045725646084,7.754529542440397
189.1,49.83125,49.83124999993831,0.049534045725646084,7.754529542440397
189.2,49.83125,49.83124999993831,0.049534045725646084,7.754529542440397
189.3,49.83125,49.83124999993831,0.049534045725646084,7.754529542440397
189.4,49.83125,49.83124999993831,0.049534045725646084,7.754529542440397
189.5,49.83125,49.83124999993831,0.049534045725646084,7.754529542440397
189.6,49.83125,49.83124999993831,0.049534045725646084,7.754529542440397
189.7,49.83125,49.83124999993831,0.049534045725646084,7.754529542440397
189.8,49.83125,49.83124999993831,0.049534045725646084,7.754529542440397
189.9,49.83125,49.83124999993831,0.049534045725646084,7.754529542440397
190.0,49.83125,49.83124999993831,0.049534045725646084,7.754529542440397
190.1,49.83125,49.83124999993831,0.049534045725646084,7.754529542440397
190.2,49.83125,49.83124999993831,0.049534045725646084,7.754529542440397
190.3,49.83125,49.83124999993831,0.049534045725646084,7.754529542440397
190.4,49.83125,49.83124999993831,0.049534045725646084,7.754529542440397
190.5,49.83125,49.83124999993831,0.049534045725646084,7.754529542440397
190.6,49.83125,49.83124999993831,0.049534045725646084,7.754529542440397
190.7,49.83125,49.83124999993831,0.049534045725646084,7.754529542440397
190.8,49.83125,49.83124999993831,0.049534045725646084,7.754529542440397
190.9,49.83125,49.83124999993831,0.049534045725646084,7.754529542440397
191.0,49.83125,49.83124999993831,0.049534045725646084,7.754529542440397
191.1,49.83125,49.83124999993831,0.049534045725646084,7.754529542440397
191.2,49.83125,49.83124999993831,0.049534045725646084,7.754529542440397
191.3,49.83125,49.83124999993831,0.049534045725646084,7.754529542440397
191.4,49.83125,49.83124999993831,0.049534045725646084,7.754529542440397
191.5,49.83125,49.83124999993831,0.049534045725646084,7.754529542440397
191.6,49.83125,49.83124999993831,0.049534045725646084,7.754529542440397
191.7,49.83125,49.83124999993831,0.049534045725646084,7.754529542440397
191.8,49.83125,49.83124999993831,0.049534045725646084,7.754529542440397
191.9,49.83125,49.83124999993831,0.049534045725646084,7.754529542440397
192.0,49.83125,49.83124999993831,0.049534045725646084,7.754529542440397
192.1,49.83263640403747,49.832641149313666,0.08953411299240055,14.016910931871658
192.2,49.84128265380859,49.841291142416864,0.18877423977915583,29.55846567576838
192.3,49.861730623245236,49.86174071982719,0.31963416759895935,50.06918315070758
192.4,49.895947265625,49.89595718239951,0.45867890749056756,71.89919044928672
192.5,49.94375376701355,49.943762073765264,0.5867321949906287,92.0600157882317
192.6,50.00325469970703,50.00326032384682,0.6888774096257746,108.21566636747761
192.7,50.071267175674436,50.071269402238904,0.7544580045333436,118.67890894174914
192.8,50.14375,50.14374847164922,0.7770779331455729,122.41404403010624
192.9,50.21623282432556,50.21622754135949,0.7546020748480631,119.04521706207049
193.0,50.284245300292966,50.28423662063478,0.6891566632259143,108.86786187448193
193.1,50.34374623298645,50.3437348721844,0.5871297117342766,92.86014612208949
193.2,50.391552734375,50.3915397656046,0.45917144027169166,72.69128888545079
193.3,50.42576937675476,50.42575623082196,0.3201947017331182,50.724343405005975
193.4,50.4462173461914,50.44620581153072,0.1893754088428885,30.01248552052547
193.5,50.45486359596252,50.4548558186318,0.09015296093167455,14.290020017801181
193.6,50.45625,50.45624848368616,0.0502306699648149,7.962213161621223
193.7,50.45625,50.45624999120094,0.05015582581031808,7.950349629226839
193.8,50.45625,50.45625000135839,0.050155321512446345,7.950269693066699
193.9,50.45625,50.45625000142669,0.05015531811450186,7.950269154459138
194.0,50.45625,50.45625000142704,0.05015531809160659,7.950269150829997
194.1,50.45625,50.45625000142704,0.05015531809145232,7.950269150805544
194.2,50.45625,50.45625000142704,0.050155318091451316,7.950269150805385
194.3,50.45625,50.45625000142704,0.050155318091451316,7.950269150805385
194.4,50.45625,50.45625000142704,0.050155318091451316,7.950269150805385
194.5,50.45625,50.45625000142704,0.050155318091451316,7.950269150805385
194.6,50.45625,50.45625000142704,0.050155318091451316,7.950269150805385
194.7,50.45625,50.45625000142704,0.050155318091451316,7.950269150805385
194.8,50.45625,50.45625000142704,0.050155318091451316,7.950269150805385
194.9,50.45625,50.45625000142704,0.050155318091451316,7.950269150805385
195.0,50.45625,50.45625000142704,0.050155318091451316,7.950269150805385
195.1,50.45625,50.45625000142704,0.050155318091451316,7.950269150805385
195.2,50.45625,50.45625000142704,0.050155318091451316,7.950269150805385
195.3,50.45625,50.45625000142704,0.050155318091451316,7.950269150805385
195.4,50.45625,50.45625000142704,0.050155318091451316,7.950269150805385
195.5,50.45625,50.45625000142704,0.050155318091451316,7.950269150805385
195.6,50.45625,50.45625000142704,0.050155318091451316,7.950269150805385
195.7,50.45625,50.45625000142704,0.050155318091451316,7.950269150805385
195.8,50.45625,50.45625000142704,0.050155318091451316,7.950269150805385
195.9,50.45625,50.45625000142704,0.050155318091451316,7.950269150805385
196.0,50.45625,50.45625000142704,0.050155318091451316,7.950269150805385
196.1,50.45625,50.45625000142704,0.050155318091451316,7.950269150805385
196.2,50.45625,50.45625000142704,0.050155318091451316,7.950269150805385
196.3,50.45625,50.45625000142704,0.050155318091451316,7.950269150805385
196.4,50.45625,50.45625000142704,0.050155318091451316,7.950269150805385
196.5,50.45625,50.45625000142704,0.050155318091451316,7.950269150805385
196.6,50.45625,50.45625000142704,0.050155318091451316,7.950269150805385
196.7,50.45625,50.45625000142704,0.050155318091451316,7.950269150805385
196.8,50.45625,50.45625000142704,0.050155318091451316,7.950269150805385
196.9,50.45625,50.45625000142704,0.050155318091451316,7.950269150805385
197.0,50.45625,50.45625000142704,0.050155318091451316,7.950269150805385
197.1,50.45625,50.45625000142704,0.050155318091451316,7.950269150805385
197.2,50.45625,50.45625000142704,0.050155318091451316,7.950269150805385
197.3,50.45625,50.45625000142704,0.050155318091451316,7.950269150805385
197.4,50.45625,50.45625000142704,0.050155318091451316,7.950269150805385
197.5,50.45625,50.45625000142704,0.050155318091451316,7.950269150805385
197.6,50.45625,50.45625000142704,0.050155318091451316,7.950269150805385
197.7,50.45625,50.45625000142704,0.050155318091451316,7.950269150805385
197.8,50.45625,50.45625000142704,0.050155318091451316,7.950269150805385
197.9,50.45625,50.45625000142704,0.050155318091451316,7.950269150805385
198.0,50.45625,50.45625000142704,0.050155318091451316,7.950269150805385
198.1,50.45625,50.45625000142704,0.050155318091451316,7.950269150805385
198.2,50.45625,50.45625000142704,0.050155318091451316,7.950269150805385
198.3,50.45625,50.45625000142704,0.050155318091451316,7.950269150805385
198.4,50.45625,50.45625000142704,0.050155318091451316,7.950269150805385
198.5,50.45625,50.45625000142704,0.050155318091451316,7.950269150805385
198.6,50.45625,50.45625000142704,0.050155318091451316,7.950269150805385
198.7,50.45625,50.45625000142704,0.050155318091451316,7.950269150805385
198.8,50.45625,50.45625000142704,0.050155318091451316,7.950269150805385
198.9,50.45625,50.45625000142704,0.050155318091451316,7.950269150805385
199.0,50.45625,50.45625000142704,0.050155318091451316,7.950269150805385
199.1,50.45625,50.45625000142704,0.050155318091451316,7.950269150805385
199.2,50.45625,50.45625000142704,0.050155318091451316,7.950269150805385
199.3,50.45625,50.45625000142704,0.050155318091451316,7.950269150805385
199.4,50.45625,50.45625000142704,0.050155318091451316,7.950269150805385
199.5,50.45625,50.45625000142704,0.050155318091451316,7.950269150805385
199.6,50.45625,50.45625000142704,0.050155318091451316,7.950269150805385
199.7,50.45625,50.45625000142704,0.050155318091451316,7.950269150805385
199.8,50.45625,50.45625000142704,0.050155318091451316,7.950269150805385
199.9,50.45625,50.45625000142704,0.050155318091451316,7.950269150805385
200.0,50.45625,50.45625000142704,0.050155318091451316,7.950269150805385
200.1,50.45625,50.45625000142704,0.050155318091451316,7.950269150805385
200.2,50.45625,50.45625000142704,0.050155318091451316,7.950269150805385
200.3,50.45625,50.45625000142704,0.050155318091451316,7.950269150805385
200.4,50.45625,50.45625000142704,0.050155318091451316,7.950269150805385
200.5,50.45625,50.45625000142704,0.050155318091451316,7.950269150805385
200.6,50.45625,50.45625000142704,0.050155318091451316,7.950269150805385
200.7,50.45625,50.45625000142704,0.050155318091451316,7.950269150805385
200.8,50.45625,50.45625000142704,0.050155318091451316,7.950269150805385
200.9,50.45625,50.45625000142704,0.050155318091451316,7.950269150805385
201.0,50.45625,50.45625000142704,0.050155318091451316,7.950269150805385
201.1,50.45625,50.45625000142704,0.050155318091451316,7.950269150805385
201.2,50.45625,50.45625000142704,0.050155318091451316,7.950269150805385
201.3,50.45625,50.45625000142704,0.050155318091451316,7.950269150805385
201.4,50.45625,50.45625000142704,0.050155318091451316,7.950269150805385
201.5,50.45625,50.45625000142704,0.050155318091451316,7.950269150805385
201.6,50.45625,50.45625000142704,0.050155318091451316,7.950269150805385
201.7,50.45625,50.45625000142704,0.050155318091451316,7.950269150805385
201.8,50.45625,50.45625000142704,0.050155318091451316,7.950269150805385
201.9,50.45625,50.45625000142704,0.050155318091451316,7.950269150805385
202.0,50.45625,50.45625000142704,0.050155318091451316,7.950269150805385
202.1,50.45625,50.45625000142704,0.050155318091451316,7.950269150805385
202.2,50.45625,50.45625000142704,0.050155318091451316,7.950269150805385
202.3,50.45625,50.45625000142704,0.050155318091451316,7.950269150805385
202.4,50.45625,50.45625000142704,0.050155318091451316,7.950269150805385
202.5,50.45625,50.45625000142704,0.050155318091451316,7.950269150805385
202.6,50.45625,50.45625000142704,0.050155318091451316,7.950269150805385
202.7,50.45625,50.45625000142704,0.050155318091451316,7.950269150805385
202.8,50.45625,50.45625000142704,0.050155318091451316,7.950269150805385
202.9,50.45625,50.45625000142704,0.050155318091451316,7.950269150805385
203.0,50.45625,50.45625000142704,0.050155318091451316,7.950269150805385
203.1,50.45625,50.45625000142704,0.050155318091451316,7.950269150805385
203.2,50.45625,50.45625000142704,0.050155318091451316,7.950269150805385
203.3,50.45625,50.45625000142704,0.050155318091451316,7.950269150805385
203.4,50.45625,50.45625000142704,0.050155318091451316,7.950269150805385
203.5,50.45625,50.45625000142704,0.050155318091451316,7.950269150805385
203.6,50.45625,50.45625000142704,0.050155318091451316,7.950269150805385
203.7,50.45625,50.45625000142704,0.050155318091451316,7.950269150805385
203.8,50.45625,50.45625000142704,0.050155318091451316,7.950269150805385
203.9,50.45625,50.45625000142704,0.050155318091451316,7.950269150805385
204.0,50.45625,50.45625000142704,0.050155318091451316,7.950269150805385
204.1,50.45625,50.45625000142704,0.050155318091451316,7.950269150805385
204.2,50.45625,50.45625000142704,0.050155318091451316,7.950269150805385
204.3,50.45625,50.45625000142704,0.050155318091451316,7.950269150805385
204.4,50.45625,50.45625000142704,0.050155318091451316,7.950269150805385
204.5,50.45625,50.45625000142704,0.050155318091451316,7.950269150805385
204.6,50.45625,50.45625000142704,0.050155318091451316,7.950269150805385
204.7,50.45625,50.45625000142704,0.050155318091451316,7.950269150805385
204.8,50.45625,50.45625000142704,0.050155318091451316,7.950269150805385
204.9,50.45625,50.45625000142704,0.050155318091451316,7.950269150805385
205.0,50.45625,50.45625000142704,0.050155318091451316,7.950269150805385
205.1,50.45625,50.45625000142704,0.050155318091451316,7.950269150805385
205.2,50.45625,50.45625000142704,0.050155318091451316,7.950269150805385
205.3,50.45625,50.45625000142704,0.050155318091451316,7.950269150805385
205.4,50.45625,50.45625000142704,0.050155318091451316,7.950269150805385
205.5,50.45625,50.45625000142704,0.050155318091451316,7.950269150805385
205.6,50.45625,50.45625000142704,0.050155318091451316,7.950269150805385
205.7,50.45625,50.45625000142704,0.050155318091451316,7.950269150805385
205.8,50.45625,50.45625000142704,0.050155318091451316,7.950269150805385
205.9,50.45625,50.45625000142704,0.050155318091451316,7.950269150805385
206.0,50.45625,50.45625000142704,0.050155318091451316,7.950269150805385
206.1,50.45625,50.45625000142704,0.050155318091451316,7.950269150805385
206.2,50.45625,50.45625000142704,0.050155318091451316,7.950269150805385
206.3,50.45625,50.45625000142704,0.050155318091451316,7.950269150805385
206.4,50.45625,50.45625000142704,0.050155318091451316,7.950269150805385
206.5,50.45625,50.45625000142704,0.050155318091451316,7.950269150805385
206.6,50.45625,50.45625000142704,0.050155318091451316,7.950269150805385
206.7,50.45625,50.45625000142704,0.050155318091451316,7.950269150805385
206.8,50.45625,50.45625000142704,0.050155318091451316,7.950269150805385
206.9,50.45625,50.45625000142704,0.050155318091451316,7.950269150805385
207.0,50.45625,50.45625000142704,0.050155318091451316,7.950269150805385
207.1,50.45625,50.45625000142704,0.050155318091451316,7.950269150805385
207.2,50.45625,50.45625000142704,0.050155318091451316,7.950269150805385
207.3,50.45625,50.45625000142704,0.050155318091451316,7.950269150805385
207.4,50.45625,50.45625000142704,0.050155318091451316,7.950269150805385
207.5,50.45625,50.45625000142704,0.050155318091451316,7.950269150805385
207.6,50.45625,50.45625000142704,0.050155318091451316,7.950269150805385
207.7,50.45625,50.45625000142704,0.050155318091451316,7.950269150805385
207.8,50.45625,50.45625000142704,0.050155318091451316,7.950269150805385
207.9,50.45625,50.45625000142704,0.050155318091451316,7.950269150805385
208.0,50.45625,50.45625000142704,0.050155318091451316,7.950269150805385
208.1,50.45590339899063,50.455902214083075,0.04015530127476267,6.365092767890426
208.2,50.45374183654785,50.45373971580717,0.015345269578073856,2.4323034588815684
208.3,50.44862984418869,50.44862732145441,-0.017369712376877046,-2.7529089871747345
208.4,50.44007568359375,50.44007320581124,-0.05213089734977907,-8.260774775588446
208.5,50.42812405824661,50.428121982969635,-0.08414421922479437,-13.330515750238574
208.6,50.41324882507324,50.41324742044912,-0.10968052288358084,-17.370969540485994
208.7,50.39624570608139,50.39624515085095,-0.1260756716104731,-19.960864333227025
208.8,50.378125,50.378125383498215,-0.13173065376353044,-20.848687647475494
208.9,50.36000429391861,50.36000561607051,-0.12611168918915294,-19.952208999725663
209.0,50.343001174926755,50.34300334625154,-0.10975033628361573,-17.357806925255524
209.1,50.328125941753385,50.328128783364,-0.0842435984107063,-13.319795752557845
209.2,50.31617431640625,50.316177560008796,-0.052254030545060094,-8.259947910047838
209.3,50.30762015581131,50.30762344370432,-0.01750984591041675,-2.7673621613810524
209.4,50.302508163452146,50.302511048527,0.01519497731214069,2.4012622519827884
209.5,50.300346601009366,50.3003485467516,0.040000589289944176,6.321021340185163
209.6,50.3,50.30000038048789,0.04998116203165909,7.898128768008406
209.7,50.3,50.30000000360903,0.04999987307028329,7.901085466643517
209.8,50.3,50.30000000106951,0.04999999914475122,7.901105388798112
209.9,50.3,50.3000000010523,0.04999999999423735,7.9011055230329985
210.0,50.3,50.300000001052176,0.04999999999996116,7.901105523937467
210.1,50.3,50.300000001052176,0.049999999999999725,7.901105523943562
210.2,50.3,50.300000001052176,0.049999999999999954,7.901105523943597
210.3,50.3,50.300000001052176,0.049999999999999954,7.901105523943597
210.4,50.3,50.300000001052176,0.049999999999999954,7.901105523943597
210.5,50.3,50.300000001052176,0.049999999999999954,7.901105523943597
210.6,50.3,50.300000001052176,0.049999999999999954,7.901105523943597
210.7,50.3,50.300000001052176,0.049999999999999954,7.901105523943597
210.8,50.3,50.300000001052176,0.049999999999999954,7.901105523943597
210.9,50.3,50.300000001052176,0.049999999999999954,7.901105523943597
211.0,50.3,50.300000001052176,0.049999999999999954,7.901105523943597
211.1,50.3,50.300000001052176,0.049999999999999954,7.901105523943597
211.2,50.3,50.300000001052176,0.049999999999999954,7.901105523943597
211.3,50.3,50.300000001052176,0.049999999999999954,7.901105523943597
211.4,50.3,50.300000001052176,0.049999999999999954,7.901105523943597
211.5,50.3,50.300000001052176,0.049999999999999954,7.901105523943597
211.6,50.3,50.300000001052176,0.049999999999999954,7.901105523943597
211.7,50.3,50.300000001052176,0.049999999999999954,7.901105523943597
211.8,50.3,50.300000001052176,0.049999999999999954,7.901105523943597
211.9,50.3,50.300000001052176,0.049999999999999954,7.901105523943597
212.0,50.3,50.300000001052176,0.049999999999999954,7.901105523943597
212.1,50.3,50.300000001052176,0.049999999999999954,7.901105523943597
212.2,50.3,50.300000001052176,0.049999999999999954,7.901105523943597
212.3,50.3,50.300000001052176,0.049999999999999954,7.901105523943597
212.4,50.3,50.300000001052176,0.049999999999999954,7.901105523943597
212.5,50.3,50.300000001052176,0.049999999999999954,7.901105523943597
212.6,50.3,50.300000001052176,0.049999999999999954,7.901105523943597
212.7,50.3,50.300000001052176,0.049999999999999954,7.901105523943597
212.8,50.3,50.300000001052176,0.049999999999999954,7.901105523943597
212.9,50.3,50.300000001052176,0.049999999999999954,7.901105523943597
213.0,50.3,50.300000001052176,0.049999999999999954,7.901105523943597
213.1,50.3,50.300000001052176,0.049999999999999954,7.901105523943597
213.2,50.3,50.300000001052176,0.049999999999999954,7.901105523943597
213.3,50.3,50.300000001052176,0.049999999999999954,7.901105523943597
213.4,50.3,50.300000001052176,0.049999999999999954,7.901105523943597
213.5,50.3,50.300000001052176,0.049999999999999954,7.901105523943597
213.6,50.3,50.300000001052176,0.049999999999999954,7.901105523943597
213.7,50.3,50.300000001052176,0.049999999999999954,7.901105523943597
213.8,50.3,50.300000001052176,0.049999999999999954,7.901105523943597
213.9,50.3,50.300000001052176,0.049999999999999954,7.901105523943597
214.0,50.3,50.300000001052176,0.049999999999999954,7.901105523943597
214.1,50.3,50.300000001052176,0.049999999999999954,7.901105523943597
214.2,50.3,50.300000001052176,0.049999999999999954,7.901105523943597
214.3,50.3,50.300000001052176,0.049999999999999954,7.901105523943597
214.4,50.3,50.300000001052176,0.049999999999999954,7.901105523943597
214.5,50.3,50.300000001052176,0.049999999999999954,7.901105523943597
214.6,50.3,50.300000001052176,0.049999999999999954,7.901105523943597
214.7,50.3,50.300000001052176,0.049999999999999954,7.901105523943597
214.8,50.3,50.300000001052176,0.049999999999999954,7.901105523943597
214.9,50.3,50.300000001052176,0.049999999999999954,7.901105523943597
215.0,50.3,50.300000001052176,0.049999999999999954,7.901105523943597
215.1,50.3,50.300000001052176,0.049999999999999954,7.901105523943597
215.2,50.3,50.300000001052176,0.049999999999999954,7.901105523943597
215.3,50.3,50.300000001052176,0.049999999999999954,7.901105523943597
215.4,50.3,50.300000001052176,0.049999999999999954,7.901105523943597
215.5,50.3,50.300000001052176,0.049999999999999954,7.901105523943597
215.6,50.3,50.300000001052176,0.049999999999999954,7.901105523943597
215.7,50.3,50.300000001052176,0.049999999999999954,7.901105523943597
215.8,50.3,50.300000001052176,0.049999999999999954,7.901105523943597
215.9,50.3,50.300000001052176,0.049999999999999954,7.901105523943597
216.0,50.3,50.300000001052176,0.049999999999999954,7.901105523943597
216.1,50.300346601009366,50.30034778839592,0.06000001681668861,9.481394842529172
216.2,50.302508163452146,50.30251028667162,0.08481004851337742,13.402531692949136
216.3,50.30762015581131,50.30762268102408,0.11752503046832831,18.574367762372052
216.4,50.31617431640625,50.31617679666708,0.15228621544123036,24.072328483734275
216.5,50.328125941753385,50.32812801950838,0.18429953731624565,29.139687802949886
216.6,50.343001174926755,50.34300258202867,0.2098358409750321,33.187050552079704
216.7,50.36000429391861,50.360004851626556,0.22623098970192435,35.792145432765246
216.8,50.378125,50.37812461897904,0.2318859718549817,36.700023764760516
216.9,50.39624570608139,50.396244386406515,0.22626700728060423,35.823604262514515
217.0,50.41324882507324,50.413246656225255,0.20990565437506703,33.24441366058171
217.1,50.42812405824661,50.428121219112576,0.18439891650215762,29.213327382092952
217.2,50.44007568359375,50.4400724424675,0.15240934863651137,24.151114746389528
217.3,50.44862984418869,50.44862655877176,0.11766516400186802,18.648638246439596
217.4,50.45374183654785,50.45373895394885,0.08496034077931058,13.466646941159809
217.5,50.45590339899063,50.455901455723975,0.060154728801507094,9.535239715275932
217.6,50.45625,50.45624962198741,0.05017415605979219,7.953255153576012
217.7,50.45625,50.45624999886602,0.05015544502116798,7.950289270410038
217.8,50.45625,50.456250001405245,0.05015531894670005,7.950269286369979
217.9,50.45625,50.456250001422205,0.05015531809721392,7.950269151718071
218.0,50.45625,50.456250001422255,0.05015531809149011,7.9502691508107795
218.1,50.45625,50.456250001422255,0.050155318091451545,7.950269150804666
218.2,50.45625,50.456250001422255,0.050155318091451316,7.950269150804631
218.3,50.45625,50.456250001422255,0.050155318091451316,7.950269150804631
218.4,50.45625,50.456250001422255,0.050155318091451316,7.950269150804631
218.5,50.45625,50.456250001422255,0.050155318091451316,7.950269150804631
218.6,50.45625,50.456250001422255,0.050155318091451316,7.950269150804631
218.7,50.45625,50.456250001422255,0.050155318091451316,7.950269150804631
218.8,50.45625,50.456250001422255,0.050155318091451316,7.950269150804631
218.9,50.45625,50.456250001422255,0.050155318091451316,7.950269150804631
219.0,50.45625,50.456250001422255,0.050155318091451316,7.950269150804631
219.1,50.45625,50.456250001422255,0.050155318091451316,7.950269150804631
219.2,50.45625,50.456250001422255,0.050155318091451316,7.950269150804631
219.3,50.45625,50.456250001422255,0.050155318091451316,7.950269150804631
219.4,50.45625,50.456250001422255,0.050155318091451316,7.950269150804631
219.5,50.45625,50.456250001422255,0.050155318091451316,7.950269150804631
219.6,50.45625,50.456250001422255,0.050155318091451316,7.950269150804631
219.7,50.45625,50.456250001422255,0.050155318091451316,7.950269150804631
219.8,50.45625,50.456250001422255,0.050155318091451316,7.950269150804631
219.9,50.45625,50.456250001422255,0.050155318091451316,7.950269150804631
220.0,50.45625,50.456250001422255,0.050155318091451316,7.950269150804631
220.1,50.45625,50.456250001422255,0.050155318091451316,7.950269150804631
220.2,50.45625,50.456250001422255,0.050155318091451316,7.950269150804631
220.3,50.45625,50.456250001422255,0.050155318091451316,7.950269150804631
220.4,50.45625,50.456250001422255,0.050155318091451316,7.950269150804631
220.5,50.45625,50.456250001422255,0.050155318091451316,7.950269150804631
220.6,50.45625,50.456250001422255,0.050155318091451316,7.950269150804631
220.7,50.45625,50.456250001422255,0.050155318091451316,7.950269150804631
220.8,50.45625,50.456250001422255,0.050155318091451316,7.950269150804631
220.9,50.45625,50.456250001422255,0.050155318091451316,7.950269150804631
221.0,50.45625,50.456250001422255,0.050155318091451316,7.950269150804631
221.1,50.45625,50.456250001422255,0.050155318091451316,7.950269150804631
221.2,50.45625,50.456250001422255,0.050155318091451316,7.950269150804631
221.3,50.45625,50.456250001422255,0.050155318091451316,7.950269150804631
221.4,50.45625,50.456250001422255,0.050155318091451316,7.950269150804631
221.5,50.45625,50.456250001422255,0.050155318091451316,7.950269150804631
221.6,50.45625,50.456250001422255,0.050155318091451316,7.950269150804631
221.7,50.45625,50.456250001422255,0.050155318091451316,7.950269150804631
221.8,50.45625,50.456250001422255,0.050155318091451316,7.950269150804631
221.9,50.45625,50.456250001422255,0.050155318091451316,7.950269150804631
222.0,50.45625,50.456250001422255,0.050155318091451316,7.950269150804631
222.1,50.45625,50.456250001422255,0.050155318091451316,7.950269150804631
222.2,50.45625,50.456250001422255,0.050155318091451316,7.950269150804631
222.3,50.45625,50.456250001422255,0.050155318091451316,7.950269150804631
222.4,50.45625,50.456250001422255,0.050155318091451316,7.950269150804631
222.5,50.45625,50.456250001422255,0.050155318091451316,7.950269150804631
222.6,50.45625,50.456250001422255,0.050155318091451316,7.950269150804631
222.7,50.45625,50.456250001422255,0.050155318091451316,7.950269150804631
222.8,50.45625,50.456250001422255,0.050155318091451316,7.950269150804631
222.9,50.45625,50.456250001422255,0.050155318091451316,7.950269150804631
223.0,50.45625,50.456250001422255,0.050155318091451316,7.950269150804631
223.1,50.45625,50.456250001422255,0.050155318091451316,7.950269150804631
223.2,50.45625,50.456250001422255,0.050155318091451316,7.950269150804631
223.3,50.45625,50.456250001422255,0.050155318091451316,7.950269150804631
223.4,50.45625,50.456250001422255,0.050155318091451316,7.950269150804631
223.5,50.45625,50.456250001422255,0.050155318091451316,7.950269150804631
223.6,50.45625,50.456250001422255,0.050155318091451316,7.950269150804631
223.7,50.45625,50.456250001422255,0.050155318091451316,7.950269150804631
223.8,50.45625,50.456250001422255,0.050155318091451316,7.950269150804631
223.9,50.45625,50.456250001422255,0.050155318091451316,7.950269150804631
224.0,50.45625,50.456250001422255,0.050155318091451316,7.950269150804631
224.1,50.45555679798126,50.455554426734466,0.030155284458074062,4.779938237135078
224.2,50.4512336730957,50.45122943018271,-0.019464778935303573,-3.085113188428502
224.3,50.44100968837738,50.44100464147743,-0.08489474284520536,-13.45285303334728
224.4,50.4239013671875,50.42389641019113,-0.15441711279100942,-24.461422146464145
224.5,50.39999811649322,50.39999396450811,-0.21844375654104004,-34.58756541697868
224.6,50.37024765014648,50.370244839467176,-0.26951636385861294,-42.64902167682836
224.7,50.33624141216278,50.33624030027103,-0.3023066613123974,-47.80555492834196
224.8,50.3,50.30000076556572,-0.31361662561851217,-49.55836181474092
224.9,50.263758587837216,50.263761230710486,-0.3023786964697572,-47.74809473505859
225.0,50.22975234985351,50.22975669107268,-0.2696559906586828,-42.552102177734824
225.1,50.20000188350677,50.200007565297724,-0.2186425149128639,-34.481668270849994
225.2,50.1760986328125,50.17610511858751,-0.1546633791815715,-24.380034389914197
225.3,50.15899031162262,50.158996885978695,-0.08517500991228477,-13.421804481707785
225.4,50.148766326904294,50.14877209562419,-0.0197653634671699,-3.113973994920033
225.5,50.144443202018735,50.144447092073534,0.02984586048843707,4.701720672652021
225.6,50.14375,50.14375075954621,0.049807005971866894,7.846159362108131
225.7,50.14375,50.14375000578867,0.049844428049115305,7.8520543902718245
225.8,50.14375,50.14375000070984,0.04984468019805117,7.8520941108102065
225.9,50.14375,50.14375000067557,0.0498446818970234,7.852094378446037
226.0,50.14375,50.14375000067532,0.04984468190847104,7.852094380249358
226.1,50.14375,50.14375000067532,0.04984468190854818,7.85209438026151
226.2,50.14375,50.14375000067532,0.04984468190854866,7.852094380261586
226.3,50.14375,50.14375000067532,0.04984468190854866,7.852094380261586
226.4,50.14375,50.14375000067532,0.04984468190854866,7.852094380261586
226.5,50.14375,50.14375000067532,0.04984468190854866,7.852094380261586
226.6,50.14375,50.14375000067532,0.04984468190854866,7.852094380261586
226.7,50.14375,50.14375000067532,0.04984468190854866,7.852094380261586
226.8,50.14375,50.14375000067532,0.04984468190854866,7.852094380261586
226.9,50.14375,50.14375000067532,0.04984468190854866,7.852094380261586
227.0,50.14375,50.14375000067532,0.04984468190854866,7.852094380261586
227.1,50.14375,50.14375000067532,0.04984468190854866,7.852094380261586
227.2,50.14375,50.14375000067532,0.04984468190854866,7.852094380261586
227.3,50.14375,50.14375000067532,0.04984468190854866,7.852094380261586
227.4,50.14375,50.14375000067532,0.04984468190854866,7.852094380261586
227.5,50.14375,50.14375000067532,0.04984468190854866,7.852094380261586
227.6,50.14375,50.14375000067532,0.04984468190854866,7.852094380261586
227.7,50.14375,50.14375000067532,0.04984468190854866,7.852094380261586
227.8,50.14375,50.14375000067532,0.04984468190854866,7.852094380261586
227.9,50.14375,50.14375000067532,0.04984468190854866,7.852094380261586
228.0,50.14375,50.14375000067532,0.04984468190854866,7.852094380261586
228.1,50.14375,50.14375000067532,0.04984468190854866,7.852094380261586
228.2,50.14375,50.14375000067532,0.04984468190854866,7.852094380261586
228.3,50.14375,50.14375000067532,0.04984468190854866,7.852094380261586
228.4,50.14375,50.14375000067532,0.04984468190854866,7.852094380261586
228.5,50.14375,50.14375000067532,0.04984468190854866,7.852094380261586
228.6,50.14375,50.14375000067532,0.04984468190854866,7.852094380261586
228.7,50.14375,50.14375000067532,0.04984468190854866,7.852094380261586
228.8,50.14375,50.14375000067532,0.04984468190854866,7.852094380261586
228.9,50.14375,50.14375000067532,0.04984468190854866,7.852094380261586
229.0,50.14375,50.14375000067532,0.04984468190854866,7.852094380261586
229.1,50.14375,50.14375000067532,0.04984468190854866,7.852094380261586
229.2,50.14375,50.14375000067532,0.04984468190854866,7.852094380261586
229.3,50.14375,50.14375000067532,0.04984468190854866,7.852094380261586
229.4,50.14375,50.14375000067532,0.04984468190854866,7.852094380261586
229.5,50.14375,50.14375000067532,0.04984468190854866,7.852094380261586
229.6,50.14375,50.14375000067532,0.04984468190854866,7.852094380261586
229.7,50.14375,50.14375000067532,0.04984468190854866,7.852094380261586
229.8,50.14375,50.14375000067532,0.04984468190854866,7.852094380261586
229.9,50.14375,50.14375000067532,0.04984468190854866,7.852094380261586
230.0,50.14375,50.14375000067532,0.04984468190854866,7.852094380261586
230.1,50.14375,50.14375000067532,0.04984468190854866,7.852094380261586
230.2,50.14375,50.14375000067532,0.04984468190854866,7.852094380261586
230.3,50.14375,50.14375000067532,0.04984468190854866,7.852094380261586
230.4,50.14375,50.14375000067532,0.04984468190854866,7.852094380261586
230.5,50.14375,50.14375000067532,0.04984468190854866,7.852094380261586
230.6,50.14375,50.14375000067532,0.04984468190854866,7.852094380261586
230.7,50.14375,50.14375000067532,0.04984468190854866,7.852094380261586
230.8,50.14375,50.14375000067532,0.04984468190854866,7.852094380261586
230.9,50.14375,50.14375000067532,0.04984468190854866,7.852094380261586
231.0,50.14375,50.14375000067532,0.04984468190854866,7.852094380261586
231.1,50.14375,50.14375000067532,0.04984468190854866,7.852094380261586
231.2,50.14375,50.14375000067532,0.04984468190854866,7.852094380261586
231.3,50.14375,50.14375000067532,0.04984468190854866,7.852094380261586
231.4,50.14375,50.14375000067532,0.04984468190854866,7.852094380261586
231.5,50.14375,50.14375000067532,0.04984468190854866,7.852094380261586
231.6,50.14375,50.14375000067532,0.04984468190854866,7.852094380261586
231.7,50.14375,50.14375000067532,0.04984468190854866,7.852094380261586
231.8,50.14375,50.14375000067532,0.04984468190854866,7.852094380261586
231.9,50.14375,50.14375000067532,0.04984468190854866,7.852094380261586
232.0,50.14375,50.14375000067532,0.04984468190854866,7.852094380261586
232.1,50.144443202018735,50.14444557536292,0.06984471554192594,11.002877036613885
232.2,50.148766326904294,50.14877057191445,0.11946477893530356,18.82131862782243
232.3,50.15899031162262,50.158995360619535,0.18489474284520535,29.13555296620839
232.4,50.1760986328125,50.17610359190562,0.2544171127910094,40.104501811119974
232.5,50.20000188350677,50.200006037588395,0.31844375654104,50.22111845989717
232.6,50.22975234985351,50.22975516262909,0.3695163638586129,58.310210555276996
232.7,50.263758587837216,50.2637597018251,0.40230666131239745,63.52754415856915
232.8,50.3,50.29999923653017,0.41361662561851215,65.36057111595548
232.9,50.33624141216278,50.336238771385226,0.4023786964697572,63.630540618288364
233.0,50.37024765014648,50.370243311022804,0.36965599065868276,58.495393951113776
233.1,50.39999811649322,50.39999243679755,0.31864251491286394,50.45265962106424
233.2,50.4239013671875,50.4238948835076,0.25466337918157145,40.341566567354405
233.3,50.44100968837738,50.441003116116185,0.18517500991228475,29.343773654014907
233.4,50.4512336730957,50.45122790647049,0.11976536346716986,18.982475599562935
233.5,50.45555679798126,50.45555291002091,0.07015413951156292,11.120188381264617
233.6,50.45625,50.456249242548,0.050192994028133084,7.956241156301766
233.7,50.45625,50.45624999630537,0.05015557195088467,7.950309390014753
233.8,50.45625,50.45625000138403,0.05015531980194881,7.95026942193467
233.9,50.45625,50.45625000141816,0.050155318102976576,7.950269152630889
234.0,50.45625,50.45625000141828,0.050155318091528935,7.950269150816308
234.1,50.45625,50.45625000141828,0.050155318091451795,7.95026915080408
234.2,50.45625,50.45625000141828,0.050155318091451316,7.950269150804004
234.3,50.45625,50.45625000141828,0.050155318091451316,7.950269150804004
234.4,50.45625,50.45625000141828,0.050155318091451316,7.950269150804004
234.5,50.45625,50.45625000141828,0.050155318091451316,7.950269150804004
234.6,50.45625,50.45625000141828,0.050155318091451316,7.950269150804004
234.7,50.45625,50.45625000141828,0.050155318091451316,7.950269150804004
234.8,50.45625,50.45625000141828,0.050155318091451316,7.950269150804004
234.9,50.45625,50.45625000141828,0.050155318091451316,7.950269150804004
235.0,50.45625,50.45625000141828,0.050155318091451316,7.950269150804004
235.1,50.45625,50.45625000141828,0.050155318091451316,7.950269150804004
235.2,50.45625,50.45625000141828,0.050155318091451316,7.950269150804004
235.3,50.45625,50.45625000141828,0.050155318091451316,7.950269150804004
235.4,50.45625,50.45625000141828,0.050155318091451316,7.950269150804004
235.5,50.45625,50.45625000141828,0.050155318091451316,7.950269150804004
235.6,50.45625,50.45625000141828,0.050155318091451316,7.950269150804004
235.7,50.45625,50.45625000141828,0.050155318091451316,7.950269150804004
235.8,50.45625,50.45625000141828,0.050155318091451316,7.950269150804004
235.9,50.45625,50.45625000141828,0.050155318091451316,7.950269150804004
236.0,50.45625,50.45625000141828,0.050155318091451316,7.950269150804004
236.1,50.45625,50.45625000141828,0.050155318091451316,7.950269150804004
236.2,50.45625,50.45625000141828,0.050155318091451316,7.950269150804004
236.3,50.45625,50.45625000141828,0.050155318091451316,7.950269150804004
236.4,50.45625,50.45625000141828,0.050155318091451316,7.950269150804004
236.5,50.45625,50.45625000141828,0.050155318091451316,7.950269150804004
236.6,50.45625,50.45625000141828,0.050155318091451316,7.950269150804004
236.7,50.45625,50.45625000141828,0.050155318091451316,7.950269150804004
236.8,50.45625,50.45625000141828,0.050155318091451316,7.950269150804004
236.9,50.45625,50.45625000141828,0.050155318091451316,7.950269150804004
237.0,50.45625,50.45625000141828,0.050155318091451316,7.950269150804004
237.1,50.45625,50.45625000141828,0.050155318091451316,7.950269150804004
237.2,50.45625,50.45625000141828,0.050155318091451316,7.950269150804004
237.3,50.45625,50.45625000141828,0.050155318091451316,7.950269150804004
237.4,50.45625,50.45625000141828,0.050155318091451316,7.950269150804004
237.5,50.45625,50.45625000141828,0.050155318091451316,7.950269150804004
237.6,50.45625,50.45625000141828,0.050155318091451316,7.950269150804004
237.7,50.45625,50.45625000141828,0.050155318091451316,7.950269150804004
237.8,50.45625,50.45625000141828,0.050155318091451316,7.950269150804004
237.9,50.45625,50.45625000141828,0.050155318091451316,7.950269150804004
238.0,50.45625,50.45625000141828,0.050155318091451316,7.950269150804004
238.1,50.45625,50.45625000141828,0.050155318091451316,7.950269150804004
238.2,50.45625,50.45625000141828,0.050155318091451316,7.950269150804004
238.3,50.45625,50.45625000141828,0.050155318091451316,7.950269150804004
238.4,50.45625,50.45625000141828,0.050155318091451316,7.950269150804004
238.5,50.45625,50.45625000141828,0.050155318091451316,7.950269150804004
238.6,50.45625,50.45625000141828,0.050155318091451316,7.950269150804004
238.7,50.45625,50.45625000141828,0.050155318091451316,7.950269150804004
238.8,50.45625,50.45625000141828,0.050155318091451316,7.950269150804004
238.9,50.45625,50.45625000141828,0.050155318091451316,7.950269150804004
239.0,50.45625,50.45625000141828,0.050155318091451316,7.950269150804004
239.1,50.45625,50.45625000141828,0.050155318091451316,7.950269150804004
239.2,50.45625,50.45625000141828,0.050155318091451316,7.950269150804004
239.3,50.45625,50.45625000141828,0.050155318091451316,7.950269150804004
239.4,50.45625,50.45625000141828,0.050155318091451316,7.950269150804004
239.5,50.45625,50.45625000141828,0.050155318091451316,7.950269150804004
239.6,50.45625,50.45625000141828,0.050155318091451316,7.950269150804004
239.7,50.45625,50.45625000141828,0.050155318091451316,7.950269150804004
239.8,50.45625,50.45625000141828,0.050155318091451316,7.950269150804004
239.9,50.45625,50.45625000141828,0.050155318091451316,7.950269150804004
240.0,50.45625,50.45625000141828,0.050155318091451316,7.950269150804004
240.1,50.45521019697189,50.4552066393866,0.02015526764138545,3.1948055585401125
240.2,50.44872550964355,50.44871914455907,-0.054274827448681,-8.601980791124248
240.3,50.43338953256607,50.43338196150121,-0.15241977331353374,-24.149562987711953
240.4,50.40772705078125,50.407719614571825,-0.2567033282322398,-40.65167296182169
240.5,50.371872174739835,50.37186594604741,-0.35274329385728564,-55.82087984941518
240.6,50.327246475219724,50.3272422584861,-0.42935220483364506,-67.88388725822225
240.7,50.27623711824417,50.276235449691924,-0.4785376510143218,-75.58380263454006
240.8,50.221875,50.22187614763409,-0.4955025974734938,-78.17875335099164
240.9,50.167512881755826,50.167516845351265,-0.4786457037503614,-75.43738805519405
241.0,50.11650352478027,50.116510035894606,-0.4295616450337498,-67.63261660663305
241.1,50.07187782526016,50.071886347232244,-0.35304143141502153,-55.535348404071456
241.2,50.03602294921875,50.036032677166936,-0.2570727278180828,-40.40999028879377
241.3,50.01036046743393,50.01037032825377,-0.15284017391415283,-24.0130578101747
241.4,49.99502449035644,49.995033142722086,-0.0547257042464805,-8.595439589902771
241.5,49.988539803028104,49.98854563739617,0.019691131686929972,3.0923671482064132
241.6,49.9875,49.987501138605296,0.04963284991207469,7.79436093310507
241.7,49.9875,49.98750000796905,0.04968898302794732,7.803175921690787
241.8,49.9875,49.98750000035082,0.049689361251351115,7.8032353168421045
241.9,49.9875,49.98750000029948,0.049689363799809476,7.803235717044914
242.0,49.9875,49.98750000029912,0.04968936381698092,7.803235719741469
242.1,49.9875,49.98750000029912,0.04968936381709663,7.803235719759639
242.2,49.9875,49.98750000029912,0.049689363817097376,7.803235719759757
242.3,49.9875,49.98750000029912,0.049689363817097376,7.803235719759757
242.4,49.9875,49.98750000029912,0.049689363817097376,7.803235719759757
242.5,49.9875,49.98750000029912,0.049689363817097376,7.803235719759757
242.6,49.9875,49.98750000029912,0.049689363817097376,7.803235719759757
242.7,49.9875,49.98750000029912,0.049689363817097376,7.803235719759757
242.8,49.9875,49.98750000029912,0.049689363817097376,7.803235719759757
242.9,49.9875,49.98750000029912,0.049689363817097376,7.803235719759757
243.0,49.9875,49.98750000029912,0.049689363817097376,7.803235719759757
243.1,49.9875,49.98750000029912,0.049689363817097376,7.803235719759757
243.2,49.9875,49.98750000029912,0.049689363817097376,7.803235719759757
243.3,49.9875,49.98750000029912,0.049689363817097376,7.803235719759757
243.4,49.9875,49.98750000029912,0.049689363817097376,7.803235719759757
243.5,49.9875,49.98750000029912,0.049689363817097376,7.803235719759757
243.6,49.9875,49.98750000029912,0.049689363817097376,7.803235719759757
243.7,49.9875,49.98750000029912,0.049689363817097376,7.803235719759757
243.8,49.9875,49.98750000029912,0.049689363817097376,7.803235719759757
243.9,49.9875,49.98750000029912,0.049689363817097376,7.803235719759757
244.0,49.9875,49.98750000029912,0.049689363817097376,7.803235719759757
244.1,49.9875,49.98750000029912,0.049689363817097376,7.803235719759757
244.2,49.9875,49.98750000029912,0.049689363817097376,7.803235719759757
244.3,49.9875,49.98750000029912,0.049689363817097376,7.803235719759757
244.4,49.9875,49.98750000029912,0.049689363817097376,7.803235719759757
244.5,49.9875,49.98750000029912,0.049689363817097376,7.803235719759757
244.6,49.9875,49.98750000029912,0.049689363817097376,7.803235719759757
244.7,49.9875,49.98750000029912,0.049689363817097376,7.803235719759757
244.8,49.9875,49.98750000029912,0.049689363817097376,7.803235719759757
244.9,49.9875,49.98750000029912,0.049689363817097376,7.803235719759757
245.0,49.9875,49.98750000029912,0.049689363817097376,7.803235719759757
245.1,49.9875,49.98750000029912,0.049689363817097376,7.803235719759757
245.2,49.9875,49.98750000029912,0.049689363817097376,7.803235719759757
245.3,49.9875,49.98750000029912,0.049689363817097376,7.803235719759757
245.4,49.9875,49.98750000029912,0.049689363817097376,7.803235719759757
245.5,49.9875,49.98750000029912,0.049689363817097376,7.803235719759757
245.6,49.9875,49.98750000029912,0.049689363817097376,7.803235719759757
245.7,49.9875,49.98750000029912,0.049689363817097376,7.803235719759757
245.8,49.9875,49.98750000029912,0.049689363817097376,7.803235719759757
245.9,49.9875,49.98750000029912,0.049689363817097376,7.803235719759757
246.0,49.9875,49.98750000029912,0.049689363817097376,7.803235719759757
246.1,49.9875,49.98750000029912,0.049689363817097376,7.803235719759757
246.2,49.9875,49.98750000029912,0.049689363817097376,7.803235719759757
246.3,49.9875,49.98750000029912,0.049689363817097376,7.803235719759757
246.4,49.9875,49.98750000029912,0.049689363817097376,7.803235719759757
246.5,49.9875,49.98750000029912,0.049689363817097376,7.803235719759757
246.6,49.9875,49.98750000029912,0.049689363817097376,7.803235719759757
246.7,49.9875,49.98750000029912,0.049689363817097376,7.803235719759757
246.8,49.9875,49.98750000029912,0.049689363817097376,7.803235719759757
246.9,49.9875,49.98750000029912,0.049689363817097376,7.803235719759757
247.0,49.9875,49.98750000029912,0.049689363817097376,7.803235719759757
247.1,49.9875,49.98750000029912,0.049689363817097376,7.803235719759757
247.2,49.9875,49.98750000029912,0.049689363817097376,7.803235719759757
247.3,49.9875,49.98750000029912,0.049689363817097376,7.803235719759757
247.4,49.9875,49.98750000029912,0.049689363817097376,7.803235719759757
247.5,49.9875,49.98750000029912,0.049689363817097376,7.803235719759757
247.6,49.9875,49.98750000029912,0.049689363817097376,7.803235719759757
247.7,49.9875,49.98750000029912,0.049689363817097376,7.803235719759757
247.8,49.9875,49.98750000029912,0.049689363817097376,7.803235719759757
247.9,49.9875,49.98750000029912,0.049689363817097376,7.803235719759757
248.0,49.9875,49.98750000029912,0.049689363817097376,7.803235719759757
248.1,49.988539803028104,49.9885433623306,0.07968941426716324,12.514715733059978
248.2,49.99502449035644,49.99503085715799,0.1541195093572297,24.206629955425875
248.3,50.01036046743393,50.0103680402157,0.25226445522208235,39.63382476231519
248.4,50.03602294921875,50.036030387144876,0.35654801014078846,56.046789132963504
248.5,50.07187782526016,50.071884055669145,0.4525879757658343,71.19456112164846
248.6,50.11650352478027,50.11650774323025,0.5291968867421937,83.31974916039867
248.7,50.167512881755826,50.167514552024265,0.5783823329228704,91.15646532821836
248.8,50.221875,50.22187385408196,0.5953472793820426,93.93191120439164
248.9,50.27623711824417,50.27623315636464,0.57849038565891,91.3710782181283
249.0,50.327246475219724,50.32723996582108,0.5294063269422984,83.70321002240284
249.1,50.371872174739835,50.371863654483285,0.4528861133235702,71.66826586772044
249.2,50.40772705078125,50.407717324548415,0.3569174097266315,56.52162461370087
249.3,50.43338953256607,50.43337967346138,0.2526848558227015,40.03567537353197
249.4,50.44872550964355,50.448716858992896,0.1545703861550292,24.497755126015168
249.5,50.45521019697189,50.455204364318604,0.08015355022161873,12.705115148771617
249.6,50.45625,50.4562488631093,0.050211831996474,7.959227158982724
249.7,50.45625,50.45624999374538,0.050155698880601375,7.950329509619571
249.8,50.45625,50.456250001363436,0.05015532065719758,7.9502695574994595
249.9,50.45625,50.45625000141464,0.050155318108739216,7.950269153543786
250.0,50.45625,50.45625000141488,0.05015531809156777,7.950269150821928
250.1,50.45625,50.45625000141488,0.050155318091452065,7.950269150803587
250.2,50.45625,50.45625000141488,0.050155318091451316,7.950269150803469
250.3,50.45625,50.45625000141488,0.050155318091451316,7.950269150803469
250.4,50.45625,50.45625000141488,0.050155318091451316,7.950269150803469
250.5,50.45625,50.45625000141488,0.050155318091451316,7.950269150803469
250.6,50.45625,50.45625000141488,0.050155318091451316,7.950269150803469
250.7,50.45625,50.45625000141488,0.050155318091451316,7.950269150803469
250.8,50.45625,50.45625000141488,0.050155318091451316,7.950269150803469
250.9,50.45625,50.45625000141488,0.050155318091451316,7.950269150803469
251.0,50.45625,50.45625000141488,0.050155318091451316,7.950269150803469
251.1,50.45625,50.45625000141488,0.050155318091451316,7.950269150803469
251.2,50.45625,50.45625000141488,0.050155318091451316,7.950269150803469
251.3,50.45625,50.45625000141488,0.050155318091451316,7.950269150803469
251.4,50.45625,50.45625000141488,0.050155318091451316,7.950269150803469
251.5,50.45625,50.45625000141488,0.050155318091451316,7.950269150803469
251.6,50.45625,50.45625000141488,0.050155318091451316,7.950269150803469
251.7,50.45625,50.45625000141488,0.050155318091451316,7.950269150803469
251.8,50.45625,50.45625000141488,0.050155318091451316,7.950269150803469
251.9,50.45625,50.45625000141488,0.050155318091451316,7.950269150803469
252.0,50.45625,50.45625000141488,0.050155318091451316,7.950269150803469
252.1,50.45625,50.45625000141488,0.050155318091451316,7.950269150803469
252.2,50.45625,50.45625000141488,0.050155318091451316,7.950269150803469
252.3,50.45625,50.45625000141488,0.050155318091451316,7.950269150803469
252.4,50.45625,50.45625000141488,0.050155318091451316,7.950269150803469
252.5,50.45625,50.45625000141488,0.050155318091451316,7.950269150803469
252.6,50.45625,50.45625000141488,0.050155318091451316,7.950269150803469
252.7,50.45625,50.45625000141488,0.050155318091451316,7.950269150803469
252.8,50.45625,50.45625000141488,0.050155318091451316,7.950269150803469
252.9,50.45625,50.45625000141488,0.050155318091451316,7.950269150803469
253.0,50.45625,50.45625000141488,0.050155318091451316,7.950269150803469
253.1,50.45625,50.45625000141488,0.050155318091451316,7.950269150803469
253.2,50.45625,50.45625000141488,0.050155318091451316,7.950269150803469
253.3,50.45625,50.45625000141488,0.050155318091451316,7.950269150803469
253.4,50.45625,50.45625000141488,0.050155318091451316,7.950269150803469
253.5,50.45625,50.45625000141488,0.050155318091451316,7.950269150803469
253.6,50.45625,50.45625000141488,0.050155318091451316,7.950269150803469
253.7,50.45625,50.45625000141488,0.050155318091451316,7.950269150803469
253.8,50.45625,50.45625000141488,0.050155318091451316,7.950269150803469
253.9,50.45625,50.45625000141488,0.050155318091451316,7.950269150803469
254.0,50.45625,50.45625000141488,0.050155318091451316,7.950269150803469
254.1,50.45625,50.45625000141488,0.050155318091451316,7.950269150803469
254.2,50.45625,50.45625000141488,0.050155318091451316,7.950269150803469
254.3,50.45625,50.45625000141488,0.050155318091451316,7.950269150803469
254.4,50.45625,50.45625000141488,0.050155318091451316,7.950269150803469
254.5,50.45625,50.45625000141488,0.050155318091451316,7.950269150803469
254.6,50.45625,50.45625000141488,0.050155318091451316,7.950269150803469
254.7,50.45625,50.45625000141488,0.050155318091451316,7.950269150803469
254.8,50.45625,50.45625000141488,0.050155318091451316,7.950269150803469
254.9,50.45625,50.45625000141488,0.050155318091451316,7.950269150803469
255.0,50.45625,50.45625000141488,0.050155318091451316,7.950269150803469
255.1,50.45625,50.45625000141488,0.050155318091451316,7.950269150803469
255.2,50.45625,50.45625000141488,0.050155318091451316,7.950269150803469
255.3,50.45625,50.45625000141488,0.050155318091451316,7.950269150803469
255.4,50.45625,50.45625000141488,0.050155318091451316,7.950269150803469
255.5,50.45625,50.45625000141488,0.050155318091451316,7.950269150803469
255.6,50.45625,50.45625000141488,0.050155318091451316,7.950269150803469
255.7,50.45625,50.45625000141488,0.050155318091451316,7.950269150803469
255.8,50.45625,50.45625000141488,0.050155318091451316,7.950269150803469
255.9,50.45625,50.45625000141488,0.050155318091451316,7.950269150803469
256.0,50.45625,50.45625000141488,0.050155318091451316,7.950269150803469
256.1,50.45486359596252,50.45485885203462,0.010155251060427231,1.609694769470603
256.2,50.4462173461914,50.44620885893783,-0.0890848760519967,-14.118299363459931
256.3,50.42576937675476,50.425759281526574,-0.21994480383125492,-34.84303885809446
256.4,50.391552734375,50.391542818951564,-0.3589895435956709,-56.83152720934349
256.5,50.34374623298645,50.343737927585344,-0.4870428310781251,-77.0304590324564
256.6,50.284245300292966,50.28423967750879,-0.5891880459701071,-93.07556631017584
256.7,50.21623282432556,50.216230599111356,-0.6547686406172386,-103.29560743619868
256.8,50.14375,50.143751529698456,-0.677388569108953,-106.70986222163715
256.9,50.071267175674436,50.07127245998551,-0.6549127106832232,-103.02008890541714
257.0,50.00325469970703,50.00326338071399,-0.5894672992558563,-92.59935018791668
257.1,49.94375376701355,49.94376512916938,-0.4874403480222977,-76.4808361687194
257.2,49.895947265625,49.89596023574619,-0.3594820764176876,-56.34981560090107
257.3,49.861730623245236,49.86174377053002,-0.22050533794350097,-34.541122151087194
257.4,49.84128265380859,49.84129418982527,-0.08968604525682944,-14.043134569143172
257.5,49.83263640403747,49.832644182723804,0.00953640267062946,1.4929607332216588
257.6,49.83125,49.831251517656895,0.049458694254310466,7.742733543935215
257.7,49.83125,49.83125001014997,0.049533538009246994,7.7544500612866845
257.8,49.83125,49.83124999999246,0.04953404230466606,7.75452900689615
257.9,49.83125,49.831249999924005,0.04953404570259563,7.754529538829636
258.0,49.83125,49.83124999992358,0.04953404572549081,7.754529542413798
258.1,49.83125,49.83124999992358,0.049534045725645064,7.754529542437946
258.2,49.83125,49.83124999992358,0.049534045725646084,7.754529542438106
258.3,49.83125,49.83124999992358,0.049534045725646084,7.754529542438106
258.4,49.83125,49.83124999992358,0.049534045725646084,7.754529542438106
258.5,49.83125,49.83124999992358,0.049534045725646084,7.754529542438106
258.6,49.83125,49.83124999992358,0.049534045725646084,7.754529542438106
258.7,49.83125,49.83124999992358,0.049534045725646084,7.754529542438106
258.8,49.83125,49.83124999992358,0.049534045725646084,7.754529542438106
258.9,49.83125,49.83124999992358,0.049534045725646084,7.754529542438106
259.0,49.83125,49.83124999992358,0.049534045725646084,7.754529542438106
259.1,49.83125,49.83124999992358,0.049534045725646084,7.754529542438106
259.2,49.83125,49.83124999992358,0.049534045725646084,7.754529542438106
259.3,49.83125,49.83124999992358,0.049534045725646084,7.754529542438106
259.4,49.83125,49.83124999992358,0.049534045725646084,7.754529542438106
259.5,49.83125,49.83124999992358,0.049534045725646084,7.754529542438106
259.6,49.83125,49.83124999992358,0.049534045725646084,7.754529542438106
259.7,49.83125,49.83124999992358,0.049534045725646084,7.754529542438106
259.8,49.83125,49.83124999992358,0.049534045725646084,7.754529542438106
259.9,49.83125,49.83124999992358,0.049534045725646084,7.754529542438106
260.0,49.83125,49.83124999992358,0.049534045725646084,7.754529542438106
260.1,49.83125,49.83124999992358,0.049534045725646084,7.754529542438106
260.2,49.83125,49.83124999992358,0.049534045725646084,7.754529542438106
260.3,49.83125,49.83124999992358,0.049534045725646084,7.754529542438106
260.4,49.83125,49.83124999992358,0.049534045725646084,7.754529542438106
260.5,49.83125,49.83124999992358,0.049534045725646084,7.754529542438106
260.6,49.83125,49.83124999992358,0.049534045725646084,7.754529542438106
260.7,49.83125,49.83124999992358,0.049534045725646084,7.754529542438106
260.8,49.83125,49.83124999992358,0.049534045725646084,7.754529542438106
260.9,49.83125,49.83124999992358,0.049534045725646084,7.754529542438106
261.0,49.83125,49.83124999992358,0.049534045725646084,7.754529542438106
261.1,49.83125,49.83124999992358,0.049534045725646084,7.754529542438106
261.2,49.83125,49.83124999992358,0.049534045725646084,7.754529542438106
261.3,49.83125,49.83124999992358,0.049534045725646084,7.754529542438106
261.4,49.83125,49.83124999992358,0.049534045725646084,7.754529542438106
261.5,49.83125,49.83124999992358,0.049534045725646084,7.754529542438106
261.6,49.83125,49.83124999992358,0.049534045725646084,7.754529542438106
261.7,49.83125,49.83124999992358,0.049534045725646084,7.754529542438106
261.8,49.83125,49.83124999992358,0.049534045725646084,7.754529542438106
261.9,49.83125,49.83124999992358,0.049534045725646084,7.754529542438106
262.0,49.83125,49.83124999992358,0.049534045725646084,7.754529542438106
262.1,49.83125,49.83124999992358,0.049534045725646084,7.754529542438106
262.2,49.83125,49.83124999992358,0.049534045725646084,7.754529542438106
262.3,49.83125,49.83124999992358,0.049534045725646084,7.754529542438106
262.4,49.83125,49.83124999992358,0.049534045725646084,7.754529542438106
262.5,49.83125,49.83124999992358,0.049534045725646084,7.754529542438106
262.6,49.83125,49.83124999992358,0.049534045725646084,7.754529542438106
262.7,49.83125,49.83124999992358,0.049534045725646084,7.754529542438106
262.8,49.83125,49.83124999992358,0.049534045725646084,7.754529542438106
262.9,49.83125,49.83124999992358,0.049534045725646084,7.754529542438106
263.0,49.83125,49.83124999992358,0.049534045725646084,7.754529542438106
263.1,49.83125,49.83124999992358,0.049534045725646084,7.754529542438106
263.2,49.83125,49.83124999992358,0.049534045725646084,7.754529542438106
263.3,49.83125,49.83124999992358,0.049534045725646084,7.754529542438106
263.4,49.83125,49.83124999992358,0.049534045725646084,7.754529542438106
263.5,49.83125,49.83124999992358,0.049534045725646084,7.754529542438106
263.6,49.83125,49.83124999992358,0.049534045725646084,7.754529542438106
263.7,49.83125,49.83124999992358,0.049534045725646084,7.754529542438106
263.8,49.83125,49.83124999992358,0.049534045725646084,7.754529542438106
263.9,49.83125,49.83124999992358,0.049534045725646084,7.754529542438106
264.0,49.83125,49.83124999992358,0.049534045725646084,7.754529542438106
264.1,49.832289803028104,49.83229336195862,0.07953409599891416,12.451282778592807
264.2,49.83877449035644,49.8387808567811,0.1539641913332321,24.10665808606991
264.3,49.85411046743393,49.85411803983943,0.25210913716767575,39.48566861672112
264.4,49.87977294921875,49.879780386770584,0.3563926919909878,55.847430380142846
264.5,49.91562782526016,49.91563405529514,0.45243265760282847,70.94804136409337
264.6,49.96025352478027,49.960257742852434,0.5290415687718151,83.03560234777535
264.7,50.011262881755826,50.01126455165041,0.5782270147571635,90.84814974686186
264.8,50.065625,50.06562385371001,0.5951919611259493,93.6152414357566
264.9,50.11998711824417,50.11998315599465,0.578335067306652,91.06265651828974
265.0,50.170996475219724,50.17098996544822,0.5292510087361268,83.41885753800295
265.1,50.215622174739835,50.215613654106534,0.4527307953109579,71.42145341199002
265.2,50.25147705078125,50.25146732417386,0.3567620916075002,56.321903173836006
265.3,50.27713953256607,50.27712967308592,0.2525295377518603,39.88710645482073
265.4,50.29247550964355,50.29246685861441,0.15441506823685666,24.397340575494386
265.5,50.29896019697189,50.29895436394043,0.07999823229126247,12.641226709781728
265.6,50.3,50.29999886274049,0.050056513603501725,7.910035743832033
265.7,50.3,50.29999999337054,0.050000380787299334,7.901165695549651
265.8,50.3,50.30000000098858,0.05000000256573504,7.901105929376481
265.9,50.3,50.30000000103983,0.05000000001728785,7.901105526673527
266.0,50.3,50.30000000104009,0.05000000000011648,7.901105523960112
266.1,50.3,50.30000000104009,0.05000000000000076,7.901105523941826
266.2,50.3,50.30000000104009,0.050000000000000024,7.90110552394171
266.3,50.3,50.30000000104009,0.050000000000000024,7.90110552394171
266.4,50.3,50.30000000104009,0.050000000000000024,7.90110552394171
266.5,50.3,50.30000000104009,0.050000000000000024,7.90110552394171
266.6,50.3,50.30000000104009,0.050000000000000024,7.90110552394171
266.7,50.3,50.30000000104009,0.050000000000000024,7.90110552394171
266.8,50.3,50.30000000104009,0.050000000000000024,7.90110552394171
266.9,50.3,50.30000000104009,0.050000000000000024,7.90110552394171
267.0,50.3,50.30000000104009,0.050000000000000024,7.90110552394171
267.1,50.3,50.30000000104009,0.050000000000000024,7.90110552394171
267.2,50.3,50.30000000104009,0.050000000000000024,7.90110552394171
267.3,50.3,50.30000000104009,0.050000000000000024,7.90110552394171
267.4,50.3,50.30000000104009,0.050000000000000024,7.90110552394171
267.5,50.3,50.30000000104009,0.050000000000000024,7.90110552394171
267.6,50.3,50.30000000104009,0.050000000000000024,7.90110552394171
267.7,50.3,50.30000000104009,0.050000000000000024,7.90110552394171
267.8,50.3,50.30000000104009,0.050000000000000024,7.90110552394171
267.9,50.3,50.30000000104009,0.050000000000000024,7.90110552394171
268.0,50.3,50.30000000104009,0.050000000000000024,7.90110552394171
268.1,50.3,50.30000000104009,0.050000000000000024,7.90110552394171
268.2,50.3,50.30000000104009,0.050000000000000024,7.90110552394171
268.3,50.3,50.30000000104009,0.050000000000000024,7.90110552394171
268.4,50.3,50.30000000104009,0.050000000000000024,7.90110552394171
268.5,50.3,50.30000000104009,0.050000000000000024,7.90110552394171
268.6,50.3,50.30000000104009,0.050000000000000024,7.90110552394171
268.7,50.3,50.30000000104009,0.050000000000000024,7.90110552394171
268.8,50.3,50.30000000104009,0.050000000000000024,7.90110552394171
268.9,50.3,50.30000000104009,0.050000000000000024,7.90110552394171
269.0,50.3,50.30000000104009,0.050000000000000024,7.90110552394171
269.1,50.3,50.30000000104009,0.050000000000000024,7.90110552394171
269.2,50.3,50.30000000104009,0.050000000000000024,7.90110552394171
269.3,50.3,50.30000000104009,0.050000000000000024,7.90110552394171
269.4,50.3,50.30000000104009,0.050000000000000024,7.90110552394171
269.5,50.3,50.30000000104009,0.050000000000000024,7.90110552394171
269.6,50.3,50.30000000104009,0.050000000000000024,7.90110552394171
269.7,50.3,50.30000000104009,0.050000000000000024,7.90110552394171
269.8,50.3,50.30000000104009,0.050000000000000024,7.90110552394171
269.9,50.3,50.30000000104009,0.050000000000000024,7.90110552394171
270.0,50.3,50.30000000104009,0.050000000000000024,7.90110552394171
270.1,50.3,50.30000000104009,0.050000000000000024,7.90110552394171
270.2,50.3,50.30000000104009,0.050000000000000024,7.90110552394171
270.3,50.3,50.30000000104009,0.050000000000000024,7.90110552394171
270.4,50.3,50.30000000104009,0.050000000000000024,7.90110552394171
270.5,50.3,50.30000000104009,0.050000000000000024,7.90110552394171
270.6,50.3,50.30000000104009,0.050000000000000024,7.90110552394171
270.7,50.3,50.30000000104009,0.050000000000000024,7.90110552394171
270.8,50.3,50.30000000104009,0.050000000000000024,7.90110552394171
270.9,50.3,50.30000000104009,0.050000000000000024,7.90110552394171
271.0,50.3,50.30000000104009,0.050000000000000024,7.90110552394171
271.1,50.3,50.30000000104009,0.050000000000000024,7.90110552394171
271.2,50.3,50.30000000104009,0.050000000000000024,7.90110552394171
271.3,50.3,50.30000000104009,0.050000000000000024,7.90110552394171
271.4,50.3,50.30000000104009,0.050000000000000024,7.90110552394171
271.5,50.3,50.30000000104009,0.050000000000000024,7.90110552394171
271.6,50.3,50.30000000104009,0.050000000000000024,7.90110552394171
271.7,50.3,50.30000000104009,0.050000000000000024,7.90110552394171
271.8,50.3,50.30000000104009,0.050000000000000024,7.90110552394171
271.9,50.3,50.30000000104009,0.050000000000000024,7.90110552394171
272.0,50.3,50.30000000104009,0.050000000000000024,7.90110552394171
272.1,50.3,50.30000000104009,0.050000000000000024,7.90110552394171
272.2,50.3,50.30000000104009,0.050000000000000024,7.90110552394171
272.3,50.3,50.30000000104009,0.050000000000000024,7.90110552394171
272.4,50.3,50.30000000104009,0.050000000000000024,7.90110552394171
272.5,50.3,50.30000000104009,0.050000000000000024,7.90110552394171
272.6,50.3,50.30000000104009,0.050000000000000024,7.90110552394171
272.7,50.3,50.30000000104009,0.050000000000000024,7.90110552394171
272.8,50.3,50.30000000104009,0.050000000000000024,7.90110552394171
272.9,50.3,50.30000000104009,0.050000000000000024,7.90110552394171
273.0,50.3,50.30000000104009,0.050000000000000024,7.90110552394171
273.1,50.3,50.30000000104009,0.050000000000000024,7.90110552394171
273.2,50.3,50.30000000104009,0.050000000000000024,7.90110552394171
273.3,50.3,50.30000000104009,0.050000000000000024,7.90110552394171
273.4,50.3,50.30000000104009,0.050000000000000024,7.90110552394171
273.5,50.3,50.30000000104009,0.050000000000000024,7.90110552394171
273.6,50.3,50.30000000104009,0.050000000000000024,7.90110552394171
273.7,50.3,50.30000000104009,0.050000000000000024,7.90110552394171
273.8,50.3,50.30000000104009,0.050000000000000024,7.90110552394171
273.9,50.3,50.30000000104009,0.050000000000000024,7.90110552394171
274.0,50.3,50.30000000104009,0.050000000000000024,7.90110552394171
274.1,50.3,50.30000000104009,0.050000000000000024,7.90110552394171
274.2,50.3,50.30000000104009,0.050000000000000024,7.90110552394171
274.3,50.3,50.30000000104009,0.050000000000000024,7.90110552394171
274.4,50.3,50.30000000104009,0.050000000000000024,7.90110552394171
274.5,50.3,50.30000000104009,0.050000000000000024,7.90110552394171
274.6,50.3,50.30000000104009,0.050000000000000024,7.90110552394171
274.7,50.3,50.30000000104009,0.050000000000000024,7.90110552394171
274.8,50.3,50.30000000104009,0.050000000000000024,7.90110552394171
274.9,50.3,50.30000000104009,0.050000000000000024,7.90110552394171
275.0,50.3,50.30000000104009,0.050000000000000024,7.90110552394171
275.1,50.3,50.30000000104009,0.050000000000000024,7.90110552394171
275.2,50.3,50.30000000104009,0.050000000000000024,7.90110552394171
275.3,50.3,50.30000000104009,0.050000000000000024,7.90110552394171
275.4,50.3,50.30000000104009,0.050000000000000024,7.90110552394171
275.5,50.3,50.30000000104009,0.050000000000000024,7.90110552394171
275.6,50.3,50.30000000104009,0.050000000000000024,7.90110552394171
275.7,50.3,50.30000000104009,0.050000000000000024,7.90110552394171
275.8,50.3,50.30000000104009,0.050000000000000024,7.90110552394171
275.9,50.3,50.30000000104009,0.050000000000000024,7.90110552394171
276.0,50.3,50.30000000104009,0.050000000000000024,7.90110552394171
276.1,50.3,50.30000000104009,0.050000000000000024,7.90110552394171
276.2,50.3,50.30000000104009,0.050000000000000024,7.90110552394171
276.3,50.3,50.30000000104009,0.050000000000000024,7.90110552394171
276.4,50.3,50.30000000104009,0.050000000000000024,7.90110552394171
276.5,50.3,50.30000000104009,0.050000000000000024,7.90110552394171
276.6,50.3,50.30000000104009,0.050000000000000024,7.90110552394171
276.7,50.3,50.30000000104009,0.050000000000000024,7.90110552394171
276.8,50.3,50.30000000104009,0.050000000000000024,7.90110552394171
276.9,50.3,50.30000000104009,0.050000000000000024,7.90110552394171
277.0,50.3,50.30000000104009,0.050000000000000024,7.90110552394171
277.1,50.3,50.30000000104009,0.050000000000000024,7.90110552394171
277.2,50.3,50.30000000104009,0.050000000000000024,7.90110552394171
277.3,50.3,50.30000000104009,0.050000000000000024,7.90110552394171
277.4,50.3,50.30000000104009,0.050000000000000024,7.90110552394171
277.5,50.3,50.30000000104009,0.050000000000000024,7.90110552394171
277.6,50.3,50.30000000104009,0.050000000000000024,7.90110552394171
277.7,50.3,50.30000000104009,0.050000000000000024,7.90110552394171
277.8,50.3,50.30000000104009,0.050000000000000024,7.90110552394171
277.9,50.3,50.30000000104009,0.050000000000000024,7.90110552394171
278.0,50.3,50.30000000104009,0.050000000000000024,7.90110552394171
278.1,50.3,50.30000000104009,0.050000000000000024,7.90110552394171
278.2,50.3,50.30000000104009,0.050000000000000024,7.90110552394171
278.3,50.3,50.30000000104009,0.050000000000000024,7.90110552394171
278.4,50.3,50.30000000104009,0.050000000000000024,7.90110552394171
278.5,50.3,50.30000000104009,0.050000000000000024,7.90110552394171
278.6,50.3,50.30000000104009,0.050000000000000024,7.90110552394171
278.7,50.3,50.30000000104009,0.050000000000000024,7.90110552394171
278.8,50.3,50.30000000104009,0.050000000000000024,7.90110552394171
278.9,50.3,50.30000000104009,0.050000000000000024,7.90110552394171
279.0,50.3,50.30000000104009,0.050000000000000024,7.90110552394171
279.1,50.3,50.30000000104009,0.050000000000000024,7.90110552394171
279.2,50.3,50.30000000104009,0.050000000000000024,7.90110552394171
279.3,50.3,50.30000000104009,0.050000000000000024,7.90110552394171
279.4,50.3,50.30000000104009,0.050000000000000024,7.90110552394171
279.5,50.3,50.30000000104009,0.050000000000000024,7.90110552394171
279.6,50.3,50.30000000104009,0.050000000000000024,7.90110552394171
279.7,50.3,50.30000000104009,0.050000000000000024,7.90110552394171
279.8,50.3,50.30000000104009,0.050000000000000024,7.90110552394171
279.9,50.3,50.30000000104009,0.050000000000000024,7.90110552394171
280.0,50.3,50.30000000104009,0.050000000000000024,7.90110552394171
280.1,50.29965339899063,50.29965221369497,0.03999998324224398,6.320838066828963
280.2,50.29749183654785,50.297489715420696,0.015189951464137992,2.400228395997982
280.3,50.29237984418869,50.29237732106777,-0.017525030480676558,-2.76892262462906
280.4,50.28382568359375,50.28382320542394,-0.05228621542178055,-8.259720877256902
280.5,50.27187405824661,50.27187198258232,-0.0842995372923941,-13.313741516992089
280.6,50.25699882507324,50.256997420063115,-0.10983584101538962,-17.341652955615913
280.7,50.23999570608139,50.2399951504637,-0.1262309896771725,-19.92349149205384
280.8,50.221875,50.2218753831104,-0.13188597180010106,-20.808530077198654
280.9,50.20375429391861,50.20375561568208,-0.12626700719366862,-19.914800785717212
281.0,50.186751174926755,50.18675334586411,-0.10990565433682689,-17.328421783083826
281.1,50.171875941753385,50.17187878297789,-0.08439891652843724,-13.302923953277622
281.2,50.15992431640625,50.15992755962202,-0.052409348627284726,-8.258773116062414
281.3,50.15137015581131,50.15137344331788,-0.017665164008738077,-2.783238207776394
281.4,50.146258163452146,50.146261048141646,0.015039659162929812,2.3693347495462085
281.5,50.144096601009366,50.14409854636622,0.039845271144794525,6.276918467237364
281.6,50.14375,50.143750380099426,0.04982584404071479,7.849126887038534
281.7,50.14375,50.143750003222635,0.049844554979448924,7.852074385362429
281.8,50.14375,50.14375000068318,0.04984468105330368,7.852094245535018
281.9,50.14375,50.14375000066598,0.04984468190278607,7.8520943793523355
282.0,50.14375,50.143750000665854,0.049844681908509866,7.852094380253993
282.1,50.14375,50.143750000665854,0.04984468190854844,7.852094380260069
282.2,50.14375,50.143750000665854,0.04984468190854866,7.852094380260104
282.3,50.14375,50.143750000665854,0.04984468190854866,7.852094380260104
282.4,50.14375,50.143750000665854,0.04984468190854866,7.852094380260104
282.5,50.14375,50.143750000665854,0.04984468190854866,7.852094380260104
282.6,50.14375,50.143750000665854,0.04984468190854866,7.852094380260104
282.7,50.14375,50.143750000665854,0.04984468190854866,7.852094380260104
282.8,50.14375,50.143750000665854,0.04984468190854866,7.852094380260104
282.9,50.14375,50.143750000665854,0.04984468190854866,7.852094380260104
283.0,50.14375,50.143750000665854,0.04984468190854866,7.852094380260104
283.1,50.14375,50.143750000665854,0.04984468190854866,7.852094380260104
283.2,50.14375,50.143750000665854,0.04984468190854866,7.852094380260104
283.3,50.14375,50.143750000665854,0.04984468190854866,7.852094380260104
283.4,50.14375,50.143750000665854,0.04984468190854866,7.852094380260104
283.5,50.14375,50.143750000665854,0.04984468190854866,7.852094380260104
283.6,50.14375,50.143750000665854,0.04984468190854866,7.852094380260104
283.7,50.14375,50.143750000665854,0.04984468190854866,7.852094380260104
283.8,50.14375,50.143750000665854,0.04984468190854866,7.852094380260104
283.9,50.14375,50.143750000665854,0.04984468190854866,7.852094380260104
284.0,50.14375,50.143750000665854,0.04984468190854866,7.852094380260104
284.1,50.14375,50.143750000665854,0.04984468190854866,7.852094380260104
284.2,50.14375,50.143750000665854,0.04984468190854866,7.852094380260104
284.3,50.14375,50.143750000665854,0.04984468190854866,7.852094380260104
284.4,50.14375,50.143750000665854,0.04984468190854866,7.852094380260104
284.5,50.14375,50.143750000665854,0.04984468190854866,7.852094380260104
284.6,50.14375,50.143750000665854,0.04984468190854866,7.852094380260104
284.7,50.14375,50.143750000665854,0.04984468190854866,7.852094380260104
284.8,50.14375,50.143750000665854,0.04984468190854866,7.852094380260104
284.9,50.14375,50.143750000665854,0.04984468190854866,7.852094380260104
285.0,50.14375,50.143750000665854,0.04984468190854866,7.852094380260104
285.1,50.14375,50.143750000665854,0.04984468190854866,7.852094380260104
285.2,50.14375,50.143750000665854,0.04984468190854866,7.852094380260104
285.3,50.14375,50.143750000665854,0.04984468190854866,7.852094380260104
285.4,50.14375,50.143750000665854,0.04984468190854866,7.852094380260104
285.5,50.14375,50.143750000665854,0.04984468190854866,7.852094380260104
285.6,50.14375,50.143750000665854,0.04984468190854866,7.852094380260104
285.7,50.14375,50.143750000665854,0.04984468190854866,7.852094380260104
285.8,50.14375,50.143750000665854,0.04984468190854866,7.852094380260104
285.9,50.14375,50.143750000665854,0.04984468190854866,7.852094380260104
286.0,50.14375,50.143750000665854,0.04984468190854866,7.852094380260104
286.1,50.14375,50.143750000665854,0.04984468190854866,7.852094380260104
286.2,50.14375,50.143750000665854,0.04984468190854866,7.852094380260104
286.3,50.14375,50.143750000665854,0.04984468190854866,7.852094380260104
286.4,50.14375,50.143750000665854,0.04984468190854866,7.852094380260104
286.5,50.14375,50.143750000665854,0.04984468190854866,7.852094380260104
286.6,50.14375,50.143750000665854,0.04984468190854866,7.852094380260104
286.7,50.14375,50.143750000665854,0.04984468190854866,7.852094380260104
286.8,50.14375,50.143750000665854,0.04984468190854866,7.852094380260104
286.9,50.14375,50.143750000665854,0.04984468190854866,7.852094380260104
287.0,50.14375,50.143750000665854,0.04984468190854866,7.852094380260104
287.1,50.14375,50.143750000665854,0.04984468190854866,7.852094380260104
287.2,50.14375,50.143750000665854,0.04984468190854866,7.852094380260104
287.3,50.14375,50.143750000665854,0.04984468190854866,7.852094380260104
287.4,50.14375,50.143750000665854,0.04984468190854866,7.852094380260104
287.5,50.14375,50.143750000665854,0.04984468190854866,7.852094380260104
287.6,50.14375,50.143750000665854,0.04984468190854866,7.852094380260104
287.7,50.14375,50.143750000665854,0.04984468190854866,7.852094380260104
287.8,50.14375,50.143750000665854,0.04984468190854866,7.852094380260104
287.9,50.14375,50.143750000665854,0.04984468190854866,7.852094380260104
288.0,50.14375,50.143750000665854,0.04984468190854866,7.852094380260104
288.1,50.144096601009366,50.14409778801082,0.059844698666304715,9.42747477307237
288.2,50.146258163452146,50.146260286284914,0.0846547304444107,13.33643198527486
288.3,50.15137015581131,50.15137268063762,0.11736971238922522,18.492206629273806
288.4,50.15992431640625,50.1599267962813,0.15213089733032925,23.973099814863644
288.5,50.171875941753385,50.17187801912272,0.18414421920094282,29.02473879916448
288.6,50.186751174926755,50.18675258164175,0.2096805229239383,33.05955919665314
288.7,50.20375429391861,50.20375485124103,0.2260756715857212,35.65659782104874
288.8,50.221875,50.221874618594136,0.23173065370864976,36.561691423938264
288.9,50.23999570608139,50.23999438602229,0.22611168910221732,35.688021277951414
289.0,50.25699882507324,50.25699665584008,0.2097503362453756,33.11685374785564
289.1,50.27187405824661,50.27187121872613,0.1842435984369859,29.098280812273778
289.2,50.28382568359375,50.283822442081814,0.15225403053583342,24.051765181853824
289.3,50.29237984418869,50.29237655838571,0.11750984591728678,18.566339522291024
289.4,50.29749183654785,50.29748895356184,0.08480502274561888,13.400399673076624
289.5,50.29965339899063,50.29965145533712,0.05999941076375416,9.481167817702923
289.6,50.3,50.29999962160375,0.050018837867833905,7.904082263949566
289.7,50.3,50.29999999848038,0.05000012692909976,7.9011255811438525
289.8,50.3,50.30000000101964,0.050000000855245,7.901105659086115
289.9,50.3,50.30000000103662,0.050000000005762615,7.901105524851783
290.0,50.3,50.30000000103668,0.05000000000003882,7.9011055239473045
290.1,50.3,50.30000000103668,0.050000000000000246,7.901105523941209
290.2,50.3,50.30000000103668,0.050000000000000024,7.901105523941174
290.3,50.3,50.30000000103668,0.050000000000000024,7.901105523941174
290.4,50.3,50.30000000103668,0.050000000000000024,7.901105523941174
290.5,50.3,50.30000000103668,0.050000000000000024,7.901105523941174
290.6,50.3,50.30000000103668,0.050000000000000024,7.901105523941174
290.7,50.3,50.30000000103668,0.050000000000000024,7.901105523941174
290.8,50.3,50.30000000103668,0.050000000000000024,7.901105523941174
290.9,50.3,50.30000000103668,0.050000000000000024,7.901105523941174
291.0,50.3,50.30000000103668,0.050000000000000024,7.901105523941174
291.1,50.3,50.30000000103668,0.050000000000000024,7.901105523941174
291.2,50.3,50.30000000103668,0.050000000000000024,7.901105523941174
291.3,50.3,50.30000000103668,0.050000000000000024,7.901105523941174
291.4,50.3,50.30000000103668,0.050000000000000024,7.901105523941174
291.5,50.3,50.30000000103668,0.050000000000000024,7.901105523941174
291.6,50.3,50.30000000103668,0.050000000000000024,7.901105523941174
291.7,50.3,50.30000000103668,0.050000000000000024,7.901105523941174
291.8,50.3,50.30000000103668,0.050000000000000024,7.901105523941174
291.9,50.3,50.30000000103668,0.050000000000000024,7.901105523941174
292.0,50.3,50.30000000103668,0.050000000000000024,7.901105523941174
292.1,50.3,50.30000000103668,0.050000000000000024,7.901105523941174
292.2,50.3,50.30000000103668,0.050000000000000024,7.901105523941174
292.3,50.3,50.30000000103668,0.050000000000000024,7.901105523941174
292.4,50.3,50.30000000103668,0.050000000000000024,7.901105523941174
292.5,50.3,50.30000000103668,0.050000000000000024,7.901105523941174
292.6,50.3,50.30000000103668,0.050000000000000024,7.901105523941174
292.7,50.3,50.30000000103668,0.050000000000000024,7.901105523941174
292.8,50.3,50.30000000103668,0.050000000000000024,7.901105523941174
292.9,50.3,50.30000000103668,0.050000000000000024,7.901105523941174
293.0,50.3,50.30000000103668,0.050000000000000024,7.901105523941174
293.1,50.3,50.30000000103668,0.050000000000000024,7.901105523941174
293.2,50.3,50.30000000103668,0.050000000000000024,7.901105523941174
293.3,50.3,50.30000000103668,0.050000000000000024,7.901105523941174
293.4,50.3,50.30000000103668,0.050000000000000024,7.901105523941174
293.5,50.3,50.30000000103668,0.050000000000000024,7.901105523941174
293.6,50.3,50.30000000103668,0.050000000000000024,7.901105523941174
293.7,50.3,50.30000000103668,0.050000000000000024,7.901105523941174
293.8,50.3,50.30000000103668,0.050000000000000024,7.901105523941174
293.9,50.3,50.30000000103668,0.050000000000000024,7.901105523941174
294.0,50.3,50.30000000103668,0.050000000000000024,7.901105523941174
294.1,50.3,50.30000000103668,0.050000000000000024,7.901105523941174
294.2,50.3,50.30000000103668,0.050000000000000024,7.901105523941174
294.3,50.3,50.30000000103668,0.050000000000000024,7.901105523941174
294.4,50.3,50.30000000103668,0.050000000000000024,7.901105523941174
294.5,50.3,50.30000000103668,0.050000000000000024,7.901105523941174
294.6,50.3,50.30000000103668,0.050000000000000024,7.901105523941174
294.7,50.3,50.30000000103668,0.050000000000000024,7.901105523941174
294.8,50.3,50.30000000103668,0.050000000000000024,7.901105523941174
294.9,50.3,50.30000000103668,0.050000000000000024,7.901105523941174
295.0,50.3,50.30000000103668,0.050000000000000024,7.901105523941174
295.1,50.3,50.30000000103668,0.050000000000000024,7.901105523941174
295.2,50.3,50.30000000103668,0.050000000000000024,7.901105523941174
295.3,50.3,50.30000000103668,0.050000000000000024,7.901105523941174
295.4,50.3,50.30000000103668,0.050000000000000024,7.901105523941174
295.5,50.3,50.30000000103668,0.050000000000000024,7.901105523941174
295.6,50.3,50.30000000103668,0.050000000000000024,7.901105523941174
295.7,50.3,50.30000000103668,0.050000000000000024,7.901105523941174
295.8,50.3,50.30000000103668,0.050000000000000024,7.901105523941174
295.9,50.3,50.30000000103668,0.050000000000000024,7.901105523941174
296.0,50.3,50.30000000103668,0.050000000000000024,7.901105523941174
296.1,50.29930679798126,50.29930442634655,0.029999966484487953,4.740592461875898
296.2,50.2949836730957,50.294979429798154,-0.019620097071724,-3.100099687331835
296.3,50.28475968837738,50.2847546410925,-0.0850500609613531,-13.435716681392174
296.4,50.2676513671875,50.26764640980495,-0.1545724308435611,-24.410150722939843
296.5,50.24374811649322,50.2437439641218,-0.21859907458478822,-34.504853323626875
296.6,50.21399765014648,50.21399483908352,-0.2696716820307792,-42.541224880215744
296.7,50.17999141216278,50.179990299884764,-0.302461979354345,-47.681645619142145
296.8,50.14375,50.14375076517829,-0.31377194360020216,-49.428883047350745
296.9,50.107508587837216,50.10751123032175,-0.30253401438733724,-47.62411468023005
297.0,50.07350234985351,50.07350669068593,-0.26981130867365377,-42.44416826655546
297.1,50.04375188350677,50.0437575649136,-0.21879783305687447,-34.39876104540621
297.2,50.0198486328125,50.01985511820196,-0.15481869725456945,-24.328521175088415
297.3,50.00274031162262,50.00274688559384,-0.08533032801747616,-13.404392947628882
297.4,49.992516326904294,49.99252209524139,-0.019920681674140368,-3.128665372874134
297.5,49.988193202018735,49.98819709169059,0.029690542289589082,4.6626785536726825
297.6,49.9875,49.987500759157115,0.04965168808142958,7.797319226933526
297.7,49.9875,49.98750000540364,0.04968910995889785,7.8031958545728415
297.8,49.9875,49.98750000032482,0.04968936210660738,7.8032354511478
297.9,49.9875,49.9875000002906,0.04968936380557217,7.803235717948504
298.0,49.9875,49.987500000290375,0.049689363817019765,7.803235719746203
298.1,49.9875,49.987500000290375,0.04968936381709689,7.803235719758315
298.2,49.9875,49.987500000290375,0.049689363817097376,7.8032357197583915
298.3,49.9875,49.987500000290375,0.049689363817097376,7.8032357197583915
298.4,49.9875,49.987500000290375,0.049689363817097376,7.8032357197583915
298.5,49.9875,49.987500000290375,0.049689363817097376,7.8032357197583915
298.6,49.9875,49.987500000290375,0.049689363817097376,7.8032357197583915
298.7,49.9875,49.987500000290375,0.049689363817097376,7.8032357197583915
298.8,49.9875,49.987500000290375,0.049689363817097376,7.8032357197583915
298.9,49.9875,49.987500000290375,0.049689363817097376,7.8032357197583915
299.0,49.9875,49.987500000290375,0.049689363817097376,7.8032357197583915
299.1,49.9875,49.987500000290375,0.049689363817097376,7.8032357197583915
299.2,49.9875,49.987500000290375,0.049689363817097376,7.8032357197583915
299.3,49.9875,49.987500000290375,0.049689363817097376,7.8032357197583915
299.4,49.9875,49.987500000290375,0.049689363817097376,7.8032357197583915
299.5,49.9875,49.987500000290375,0.049689363817097376,7.8032357197583915
299.6,49.9875,49.987500000290375,0.049689363817097376,7.8032357197583915
299.7,49.9875,49.987500000290375,0.049689363817097376,7.8032357197583915
299.8,49.9875,49.987500000290375,0.049689363817097376,7.8032357197583915
299.9,49.9875,49.987500000290375,0.049689363817097376,7.8032357197583915
300.0,49.9875,49.987500000290375,0.049689363817097376,7.8032357197583915
300.1,49.9875,49.987500000290375,0.049689363817097376,7.8032357197583915
300.2,49.9875,49.987500000290375,0.049689363817097376,7.8032357197583915
300.3,49.9875,49.987500000290375,0.049689363817097376,7.8032357197583915
300.4,49.9875,49.987500000290375,0.049689363817097376,7.8032357197583915
300.5,49.9875,49.987500000290375,0.049689363817097376,7.8032357197583915
300.6,49.9875,49.987500000290375,0.049689363817097376,7.8032357197583915
300.7,49.9875,49.987500000290375,0.049689363817097376,7.8032357197583915
300.8,49.9875,49.987500000290375,0.049689363817097376,7.8032357197583915
300.9,49.9875,49.987500000290375,0.049689363817097376,7.8032357197583915
301.0,49.9875,49.987500000290375,0.049689363817097376,7.8032357197583915
301.1,49.9875,49.987500000290375,0.049689363817097376,7.8032357197583915
301.2,49.9875,49.987500000290375,0.049689363817097376,7.8032357197583915
301.3,49.9875,49.987500000290375,0.049689363817097376,7.8032357197583915
301.4,49.9875,49.987500000290375,0.049689363817097376,7.8032357197583915
301.5,49.9875,49.987500000290375,0.049689363817097376,7.8032357197583915
301.6,49.9875,49.987500000290375,0.049689363817097376,7.8032357197583915
301.7,49.9875,49.987500000290375,0.049689363817097376,7.8032357197583915
301.8,49.9875,49.987500000290375,0.049689363817097376,7.8032357197583915
301.9,49.9875,49.987500000290375,0.049689363817097376,7.8032357197583915
302.0,49.9875,49.987500000290375,0.049689363817097376,7.8032357197583915
302.1,49.9875,49.987500000290375,0.049689363817097376,7.8032357197583915
302.2,49.9875,49.987500000290375,0.049689363817097376,7.8032357197583915
302.3,49.9875,49.987500000290375,0.049689363817097376,7.8032357197583915
302.4,49.9875,49.987500000290375,0.049689363817097376,7.8032357197583915
302.5,49.9875,49.987500000290375,0.049689363817097376,7.8032357197583915
302.6,49.9875,49.987500000290375,0.049689363817097376,7.8032357197583915
302.7,49.9875,49.987500000290375,0.049689363817097376,7.8032357197583915
302.8,49.9875,49.987500000290375,0.049689363817097376,7.8032357197583915
302.9,49.9875,49.987500000290375,0.049689363817097376,7.8032357197583915
303.0,49.9875,49.987500000290375,0.049689363817097376,7.8032357197583915
303.1,49.9875,49.987500000290375,0.049689363817097376,7.8032357197583915
303.2,49.9875,49.987500000290375,0.049689363817097376,7.8032357197583915
303.3,49.9875,49.987500000290375,0.049689363817097376,7.8032357197583915
303.4,49.9875,49.987500000290375,0.049689363817097376,7.8032357197583915
303.5,49.9875,49.987500000290375,0.049689363817097376,7.8032357197583915
303.6,49.9875,49.987500000290375,0.049689363817097376,7.8032357197583915
303.7,49.9875,49.987500000290375,0.049689363817097376,7.8032357197583915
303.8,49.9875,49.987500000290375,0.049689363817097376,7.8032357197583915
303.9,49.9875,49.987500000290375,0.049689363817097376,7.8032357197583915
304.0,49.9875,49.987500000290375,0.049689363817097376,7.8032357197583915
304.1,49.988193202018735,49.988195574980395,0.06968939733260943,10.944200524621957
304.2,49.992516326904294,49.992520571528665,0.11930946088882141,18.738282839316142
304.3,50.00274031162262,50.002745360234194,0.18473942477845046,29.020394326864608
304.4,50.0198486328125,50.019853591521596,0.25426179466065857,39.95520810026075
304.5,50.04375188350677,50.0437560372046,0.31828843840188564,50.04038407921089
304.6,50.07350234985351,50.07350516224279,0.3693610458478766,58.10439147125955
304.7,50.107508587837216,50.10750970144141,0.40215134317144235,63.30561256201687
304.8,50.14375,50.14374923614776,0.41346130741729953,65.1330700612045
304.9,50.17999141216278,50.17998877100419,0.40222337820443466,63.408538276062224
305.0,50.21399765014648,50.21399331063983,0.36950067249075114,58.289437752537914
305.1,50.24374811649322,50.24374243641204,0.31848719687397187,50.2717301082858
305.2,50.2676513671875,50.267644883123545,0.25450806107166685,40.19203106514872
305.3,50.28475968837738,50.28475311573151,0.18501969183457354,29.22833983258176
305.4,50.2949836730957,50.294977906083794,0.11961004549123777,18.89914469025946
305.5,50.29930679798126,50.29930290963444,0.06999882152750833,11.061208212982223
305.6,50.3,50.29999924216777,0.05003767573566782,7.907059003912572
305.7,50.3,50.29999999592112,0.05000025385819955,7.901145638346072
305.8,50.3,50.30000000099974,0.050000001710490016,7.90110579423061
305.9,50.3,50.30000000103389,0.05000000001152523,7.901105525761974
306.0,50.3,50.30000000103404,0.050000000000077635,7.901105523953025
306.1,50.3,50.30000000103404,0.05000000000000051,7.901105523940838
306.2,50.3,50.30000000103404,0.050000000000000024,7.90110552394076
306.3,50.3,50.30000000103404,0.050000000000000024,7.90110552394076
306.4,50.3,50.30000000103404,0.050000000000000024,7.90110552394076
306.5,50.3,50.30000000103404,0.050000000000000024,7.90110552394076
306.6,50.3,50.30000000103404,0.050000000000000024,7.90110552394076
306.7,50.3,50.30000000103404,0.050000000000000024,7.90110552394076
306.8,50.3,50.30000000103404,0.050000000000000024,7.90110552394076
306.9,50.3,50.30000000103404,0.050000000000000024,7.90110552394076
307.0,50.3,50.30000000103404,0.050000000000000024,7.90110552394076
307.1,50.3,50.30000000103404,0.050000000000000024,7.90110552394076
307.2,50.3,50.30000000103404,0.050000000000000024,7.90110552394076
307.3,50.3,50.30000000103404,0.050000000000000024,7.90110552394076
307.4,50.3,50.30000000103404,0.050000000000000024,7.90110552394076
307.5,50.3,50.30000000103404,0.050000000000000024,7.90110552394076
307.6,50.3,50.30000000103404,0.050000000000000024,7.90110552394076
307.7,50.3,50.30000000103404,0.050000000000000024,7.90110552394076
307.8,50.3,50.30000000103404,0.050000000000000024,7.90110552394076
307.9,50.3,50.30000000103404,0.050000000000000024,7.90110552394076
308.0,50.3,50.30000000103404,0.050000000000000024,7.90110552394076
308.1,50.3,50.30000000103404,0.050000000000000024,7.90110552394076
308.2,50.3,50.30000000103404,0.050000000000000024,7.90110552394076
308.3,50.3,50.30000000103404,0.050000000000000024,7.90110552394076
308.4,50.3,50.30000000103404,0.050000000000000024,7.90110552394076
308.5,50.3,50.30000000103404,0.050000000000000024,7.90110552394076
308.6,50.3,50.30000000103404,0.050000000000000024,7.90110552394076
308.7,50.3,50.30000000103404,0.050000000000000024,7.90110552394076
308.8,50.3,50.30000000103404,0.050000000000000024,7.90110552394076
308.9,50.3,50.30000000103404,0.050000000000000024,7.90110552394076
309.0,50.3,50.30000000103404,0.050000000000000024,7.90110552394076
309.1,50.3,50.30000000103404,0.050000000000000024,7.90110552394076
309.2,50.3,50.30000000103404,0.050000000000000024,7.90110552394076
309.3,50.3,50.30000000103404,0.050000000000000024,7.90110552394076
309.4,50.3,50.30000000103404,0.050000000000000024,7.90110552394076
309.5,50.3,50.30000000103404,0.050000000000000024,7.90110552394076
309.6,50.3,50.30000000103404,0.050000000000000024,7.90110552394076
309.7,50.3,50.30000000103404,0.050000000000000024,7.90110552394076
309.8,50.3,50.30000000103404,0.050000000000000024,7.90110552394076
309.9,50.3,50.30000000103404,0.050000000000000024,7.90110552394076
310.0,50.3,50.30000000103404,0.050000000000000024,7.90110552394076
310.1,50.3,50.30000000103404,0.050000000000000024,7.90110552394076
310.2,50.3,50.30000000103404,0.050000000000000024,7.90110552394076
310.3,50.3,50.30000000103404,0.050000000000000024,7.90110552394076
310.4,50.3,50.30000000103404,0.050000000000000024,7.90110552394076
310.5,50.3,50.30000000103404,0.050000000000000024,7.90110552394076
310.6,50.3,50.30000000103404,0.050000000000000024,7.90110552394076
310.7,50.3,50.30000000103404,0.050000000000000024,7.90110552394076
310.8,50.3,50.30000000103404,0.050000000000000024,7.90110552394076
310.9,50.3,50.30000000103404,0.050000000000000024,7.90110552394076
311.0,50.3,50.30000000103404,0.050000000000000024,7.90110552394076
311.1,50.3,50.30000000103404,0.050000000000000024,7.90110552394076
311.2,50.3,50.30000000103404,0.050000000000000024,7.90110552394076
311.3,50.3,50.30000000103404,0.050000000000000024,7.90110552394076
311.4,50.3,50.30000000103404,0.050000000000000024,7.90110552394076
311.5,50.3,50.30000000103404,0.050000000000000024,7.90110552394076
311.6,50.3,50.30000000103404,0.050000000000000024,7.90110552394076
311.7,50.3,50.30000000103404,0.050000000000000024,7.90110552394076
311.8,50.3,50.30000000103404,0.050000000000000024,7.90110552394076
311.9,50.3,50.30000000103404,0.050000000000000024,7.90110552394076
312.0,50.3,50.30000000103404,0.050000000000000024,7.90110552394076
312.1,50.29896019697189,50.29895663899888,0.01999994972673196,3.160368709083079
312.2,50.29247550964355,50.292469144176295,-0.054430145607585995,-8.599878726047372
312.3,50.27713953256607,50.27713196111788,-0.15257509144202966,-24.099276646347487
312.4,50.25147705078125,50.251469614186654,-0.25685864626534166,-40.55018401310724
312.5,50.215622174739835,50.215615945661995,-0.35289861187718236,-55.67222989596303
312.6,50.170996475219724,50.1709922581046,-0.42950752304616885,-67.6976102498583
312.7,50.11998711824417,50.11998544930655,-0.4786929690315174,-75.37335685732387
312.8,50.065625,50.06562614724687,-0.4956579154003031,-77.95995338651522
312.9,50.011262881755826,50.01126684496213,-0.47880102158100596,-75.22683615959754
313.0,49.96025352478027,49.960260035508455,-0.4297169630104806,-67.4461339264738
313.1,49.91562782526016,49.91563634685004,-0.3531967495853118,-55.386405752444574
313.2,49.87977294921875,49.87978267678266,-0.25722804588185416,-40.308138653136595
313.3,49.85411046743393,49.85412032787052,-0.1529954920262142,-23.962358695615816
313.4,49.83877449035644,49.838783142341924,-0.05488102251121055,-8.592894843319174
313.5,49.832289803028104,49.832295637015825,0.019535813434383622,3.0583857832479864
313.6,49.83125,49.831251138215684,0.049477532122144376,7.745682543627079
313.7,49.83125,49.8312500075855,0.04953366493834677,7.754469931573319
313.8,49.83125,49.83124999996736,0.04953404315991107,7.754529140780415
313.9,49.83125,49.83124999991606,0.04953404570835826,7.754529539730536
314.0,49.83125,49.83124999991575,0.04953404572552963,7.754529542418656
314.1,49.83125,49.83124999991575,0.04953404572564535,7.754529542436773
314.2,49.83125,49.83124999991575,0.049534045725646084,7.754529542436888
314.3,49.83125,49.83124999991575,0.049534045725646084,7.754529542436888
314.4,49.83125,49.83124999991575,0.049534045725646084,7.754529542436888
314.5,49.83125,49.83124999991575,0.049534045725646084,7.754529542436888
314.6,49.83125,49.83124999991575,0.049534045725646084,7.754529542436888
314.7,49.83125,49.83124999991575,0.049534045725646084,7.754529542436888
314.8,49.83125,49.83124999991575,0.049534045725646084,7.754529542436888
314.9,49.83125,49.83124999991575,0.049534045725646084,7.754529542436888
315.0,49.83125,49.83124999991575,0.049534045725646084,7.754529542436888
315.1,49.83125,49.83124999991575,0.049534045725646084,7.754529542436888
315.2,49.83125,49.83124999991575,0.049534045725646084,7.754529542436888
315.3,49.83125,49.83124999991575,0.049534045725646084,7.754529542436888
315.4,49.83125,49.83124999991575,0.049534045725646084,7.754529542436888
315.5,49.83125,49.83124999991575,0.049534045725646084,7.754529542436888
315.6,49.83125,49.83124999991575,0.049534045725646084,7.754529542436888
315.7,49.83125,49.83124999991575,0.049534045725646084,7.754529542436888
315.8,49.83125,49.83124999991575,0.049534045725646084,7.754529542436888
315.9,49.83125,49.83124999991575,0.049534045725646084,7.754529542436888
316.0,49.83125,49.83124999991575,0.049534045725646084,7.754529542436888
316.1,49.83125,49.83124999991575,0.049534045725646084,7.754529542436888
316.2,49.83125,49.83124999991575,0.049534045725646084,7.754529542436888
316.3,49.83125,49.83124999991575,0.049534045725646084,7.754529542436888
316.4,49.83125,49.83124999991575,0.049534045725646084,7.754529542436888
316.5,49.83125,49.83124999991575,0.049534045725646084,7.754529542436888
316.6,49.83125,49.83124999991575,0.049534045725646084,7.754529542436888
316.7,49.83125,49.83124999991575,0.049534045725646084,7.754529542436888
316.8,49.83125,49.83124999991575,0.049534045725646084,7.754529542436888
316.9,49.83125,49.83124999991575,0.049534045725646084,7.754529542436888
317.0,49.83125,49.83124999991575,0.049534045725646084,7.754529542436888
317.1,49.83125,49.83124999991575,0.049534045725646084,7.754529542436888
317.2,49.83125,49.83124999991575,0.049534045725646084,7.754529542436888
317.3,49.83125,49.83124999991575,0.049534045725646084,7.754529542436888
317.4,49.83125,49.83124999991575,0.049534045725646084,7.754529542436888
317.5,49.83125,49.83124999991575,0.049534045725646084,7.754529542436888
317.6,49.83125,49.83124999991575,0.049534045725646084,7.754529542436888
317.7,49.83125,49.83124999991575,0.049534045725646084,7.754529542436888
317.8,49.83125,49.83124999991575,0.049534045725646084,7.754529542436888
317.9,49.83125,49.83124999991575,0.049534045725646084,7.754529542436888
318.0,49.83125,49.83124999991575,0.049534045725646084,7.754529542436888
318.1,49.83125,49.83124999991575,0.049534045725646084,7.754529542436888
318.2,49.83125,49.83124999991575,0.049534045725646084,7.754529542436888
318.3,49.83125,49.83124999991575,0.049534045725646084,7.754529542436888
318.4,49.83125,49.83124999991575,0.049534045725646084,7.754529542436888
318.5,49.83125,49.83124999991575,0.049534045725646084,7.754529542436888
318.6,49.83125,49.83124999991575,0.049534045725646084,7.754529542436888
318.7,49.83125,49.83124999991575,0.049534045725646084,7.754529542436888
318.8,49.83125,49.83124999991575,0.049534045725646084,7.754529542436888
318.9,49.83125,49.83124999991575,0.049534045725646084,7.754529542436888
319.0,49.83125,49.83124999991575,0.049534045725646084,7.754529542436888
319.1,49.83125,49.83124999991575,0.049534045725646084,7.754529542436888
319.2,49.83125,49.83124999991575,0.049534045725646084,7.754529542436888
319.3,49.83125,49.83124999991575,0.049534045725646084,7.754529542436888
319.4,49.83125,49.83124999991575,0.049534045725646084,7.754529542436888
319.5,49.83125,49.83124999991575,0.049534045725646084,7.754529542436888
319.6,49.83125,49.83124999991575,0.049534045725646084,7.754529542436888
319.7,49.83125,49.83124999991575,0.049534045725646084,7.754529542436888
319.8,49.83125,49.83124999991575,0.049534045725646084,7.754529542436888
319.9,49.83125,49.83124999991575,0.049534045725646084,7.754529542436888
320.0,49.83125,49.83124999991575,0.049534045725646084,7.754529542436888
320.1,49.831943202018735,49.831945574605776,0.06953407924115813,10.885676514379549
320.2,49.836266326904294,49.8362705711541,0.11915414279737012,18.655399526909388
320.3,49.84649031162262,49.846495359859674,0.18458410668699918,28.90538816681555
320.4,49.8635986328125,49.86360359114711,0.25410647656920726,39.80606687872107
320.5,49.88750188350677,49.88750603683016,0.31813312031043434,49.85980218923719
320.6,49.91725234985351,49.91725516186836,0.3692057277564253,57.898724857699015
320.7,49.951258587837216,49.951259701067016,0.40199602507999105,63.08383345647349
320.8,49.9875,49.98749923577339,0.4133059893258482,64.90572150698874
320.9,50.02374141216278,50.02373877062983,0.4020680601129834,63.186688444519916
321.0,50.05774765014648,50.05774331026555,0.36934535439929983,58.08363404925469
321.1,50.08749811649322,50.08749243603777,0.31833187878252056,50.09095307037665
321.2,50.1114013671875,50.111394882749295,0.25435274298021554,40.042648049054165
321.3,50.12850968837738,50.12850311535732,0.18486437374312226,29.113058492157464
321.4,50.1387336730957,50.13872790570968,0.11945472739978648,18.815966245831326
321.5,50.14305679798126,50.143052909260355,0.06984350343605704,11.002380510859096
321.6,50.14375,50.14374924179373,0.049882357644216536,7.858029366567753
321.7,50.14375,50.14374999554708,0.049844935766748255,7.852134370054653
321.8,50.14375,50.14375000062578,0.049844683619038724,7.852094649709443
321.9,50.14375,50.14375000065995,0.049844681920073935,7.85209438207477
322.0,50.14375,50.143750000660106,0.04984468190862634,7.852094380271442
322.1,50.14375,50.143750000660106,0.04984468190854922,7.852094380259292
322.2,50.14375,50.143750000660106,0.04984468190854873,7.852094380259215
322.3,50.14375,50.143750000660106,0.04984468190854873,7.852094380259215
322.4,50.14375,50.143750000660106,0.04984468190854873,7.852094380259215
322.5,50.14375,50.143750000660106,0.04984468190854873,7.852094380259215
322.6,50.14375,50.143750000660106,0.04984468190854873,7.852094380259215
322.7,50.14375,50.143750000660106,0.04984468190854873,7.852094380259215
322.8,50.14375,50.143750000660106,0.04984468190854873,7.852094380259215
322.9,50.14375,50.143750000660106,0.04984468190854873,7.852094380259215
323.0,50.14375,50.143750000660106,0.04984468190854873,7.852094380259215
323.1,50.14375,50.143750000660106,0.04984468190854873,7.852094380259215
323.2,50.14375,50.143750000660106,0.04984468190854873,7.852094380259215
323.3,50.14375,50.143750000660106,0.04984468190854873,7.852094380259215
323.4,50.14375,50.143750000660106,0.04984468190854873,7.852094380259215
323.5,50.14375,50.143750000660106,0.04984468190854873,7.852094380259215
323.6,50.14375,50.143750000660106,0.04984468190854873,7.852094380259215
323.7,50.14375,50.143750000660106,0.04984468190854873,7.852094380259215
323.8,50.14375,50.143750000660106,0.04984468190854873,7.852094380259215
323.9,50.14375,50.143750000660106,0.04984468190854873,7.852094380259215
324.0,50.14375,50.143750000660106,0.04984468190854873,7.852094380259215
324.1,50.14375,50.143750000660106,0.04984468190854873,7.852094380259215
324.2,50.14375,50.143750000660106,0.04984468190854873,7.852094380259215
324.3,50.14375,50.143750000660106,0.04984468190854873,7.852094380259215
324.4,50.14375,50.143750000660106,0.04984468190854873,7.852094380259215
324.5,50.14375,50.143750000660106,0.04984468190854873,7.852094380259215
324.6,50.14375,50.143750000660106,0.04984468190854873,7.852094380259215
324.7,50.14375,50.143750000660106,0.04984468190854873,7.852094380259215
324.8,50.14375,50.143750000660106,0.04984468190854873,7.852094380259215
324.9,50.14375,50.143750000660106,0.04984468190854873,7.852094380259215
325.0,50.14375,50.143750000660106,0.04984468190854873,7.852094380259215
325.1,50.14375,50.143750000660106,0.04984468190854873,7.852094380259215
325.2,50.14375,50.143750000660106,0.04984468190854873,7.852094380259215
325.3,50.14375,50.143750000660106,0.04984468190854873,7.852094380259215
325.4,50.14375,50.143750000660106,0.04984468190854873,7.852094380259215
325.5,50.14375,50.143750000660106,0.04984468190854873,7.852094380259215
325.6,50.14375,50.143750000660106,0.04984468190854873,7.852094380259215
325.7,50.14375,50.143750000660106,0.04984468190854873,7.852094380259215
325.8,50.14375,50.143750000660106,0.04984468190854873,7.852094380259215
325.9,50.14375,50.143750000660106,0.04984468190854873,7.852094380259215
326.0,50.14375,50.143750000660106,0.04984468190854873,7.852094380259215
326.1,50.14375,50.143750000660106,0.04984468190854873,7.852094380259215
326.2,50.14375,50.143750000660106,0.04984468190854873,7.852094380259215
326.3,50.14375,50.143750000660106,0.04984468190854873,7.852094380259215
326.4,50.14375,50.143750000660106,0.04984468190854873,7.852094380259215
326.5,50.14375,50.143750000660106,0.04984468190854873,7.852094380259215
326.6,50.14375,50.143750000660106,0.04984468190854873,7.852094380259215
326.7,50.14375,50.143750000660106,0.04984468190854873,7.852094380259215
326.8,50.14375,50.143750000660106,0.04984468190854873,7.852094380259215
326.9,50.14375,50.143750000660106,0.04984468190854873,7.852094380259215
327.0,50.14375,50.143750000660106,0.04984468190854873,7.852094380259215
327.1,50.14375,50.143750000660106,0.04984468190854873,7.852094380259215
327.2,50.14375,50.143750000660106,0.04984468190854873,7.852094380259215
327.3,50.14375,50.143750000660106,0.04984468190854873,7.852094380259215
327.4,50.14375,50.143750000660106,0.04984468190854873,7.852094380259215
327.5,50.14375,50.143750000660106,0.04984468190854873,7.852094380259215
327.6,50.14375,50.143750000660106,0.04984468190854873,7.852094380259215
327.7,50.14375,50.143750000660106,0.04984468190854873,7.852094380259215
327.8,50.14375,50.143750000660106,0.04984468190854873,7.852094380259215
327.9,50.14375,50.143750000660106,0.04984468190854873,7.852094380259215
328.0,50.14375,50.143750000660106,0.04984468190854873,7.852094380259215
328.1,50.14375,50.143750000660106,0.04984468190854873,7.852094380259215
328.2,50.14375,50.143750000660106,0.04984468190854873,7.852094380259215
328.3,50.14375,50.143750000660106,0.04984468190854873,7.852094380259215
328.4,50.14375,50.143750000660106,0.04984468190854873,7.852094380259215
328.5,50.14375,50.143750000660106,0.04984468190854873,7.852094380259215
328.6,50.14375,50.143750000660106,0.04984468190854873,7.852094380259215
328.7,50.14375,50.143750000660106,0.04984468190854873,7.852094380259215
328.8,50.14375,50.143750000660106,0.04984468190854873,7.852094380259215
328.9,50.14375,50.143750000660106,0.04984468190854873,7.852094380259215
329.0,50.14375,50.143750000660106,0.04984468190854873,7.852094380259215
329.1,50.14375,50.143750000660106,0.04984468190854873,7.852094380259215
329.2,50.14375,50.143750000660106,0.04984468190854873,7.852094380259215
329.3,50.14375,50.143750000660106,0.04984468190854873,7.852094380259215
329.4,50.14375,50.143750000660106,0.04984468190854873,7.852094380259215
329.5,50.14375,50.143750000660106,0.04984468190854873,7.852094380259215
329.6,50.14375,50.143750000660106,0.04984468190854873,7.852094380259215
329.7,50.14375,50.143750000660106,0.04984468190854873,7.852094380259215
329.8,50.14375,50.143750000660106,0.04984468190854873,7.852094380259215
329.9,50.14375,50.143750000660106,0.04984468190854873,7.852094380259215
330.0,50.14375,50.143750000660106,0.04984468190854873,7.852094380259215
330.1,50.14375,50.143750000660106,0.04984468190854873,7.852094380259215
330.2,50.14375,50.143750000660106,0.04984468190854873,7.852094380259215
330.3,50.14375,50.143750000660106,0.04984468190854873,7.852094380259215
330.4,50.14375,50.143750000660106,0.04984468190854873,7.852094380259215
330.5,50.14375,50.143750000660106,0.04984468190854873,7.852094380259215
330.6,50.14375,50.143750000660106,0.04984468190854873,7.852094380259215
330.7,50.14375,50.143750000660106,0.04984468190854873,7.852094380259215
330.8,50.14375,50.143750000660106,0.04984468190854873,7.852094380259215
330.9,50.14375,50.143750000660106,0.04984468190854873,7.852094380259215
331.0,50.14375,50.143750000660106,0.04984468190854873,7.852094380259215
331.1,50.14375,50.143750000660106,0.04984468190854873,7.852094380259215
331.2,50.14375,50.143750000660106,0.04984468190854873,7.852094380259215
331.3,50.14375,50.143750000660106,0.04984468190854873,7.852094380259215
331.4,50.14375,50.143750000660106,0.04984468190854873,7.852094380259215
331.5,50.14375,50.143750000660106,0.04984468190854873,7.852094380259215
331.6,50.14375,50.143750000660106,0.04984468190854873,7.852094380259215
331.7,50.14375,50.143750000660106,0.04984468190854873,7.852094380259215
331.8,50.14375,50.143750000660106,0.04984468190854873,7.852094380259215
331.9,50.14375,50.143750000660106,0.04984468190854873,7.852094380259215
332.0,50.14375,50.143750000660106,0.04984468190854873,7.852094380259215
332.1,50.14375,50.143750000660106,0.04984468190854873,7.852094380259215
332.2,50.14375,50.143750000660106,0.04984468190854873,7.852094380259215
332.3,50.14375,50.143750000660106,0.04984468190854873,7.852094380259215
332.4,50.14375,50.143750000660106,0.04984468190854873,7.852094380259215
332.5,50.14375,50.143750000660106,0.04984468190854873,7.852094380259215
332.6,50.14375,50.143750000660106,0.04984468190854873,7.852094380259215
332.7,50.14375,50.143750000660106,0.04984468190854873,7.852094380259215
332.8,50.14375,50.143750000660106,0.04984468190854873,7.852094380259215
332.9,50.14375,50.143750000660106,0.04984468190854873,7.852094380259215
333.0,50.14375,50.143750000660106,0.04984468190854873,7.852094380259215
333.1,50.14375,50.143750000660106,0.04984468190854873,7.852094380259215
333.2,50.14375,50.143750000660106,0.04984468190854873,7.852094380259215
333.3,50.14375,50.143750000660106,0.04984468190854873,7.852094380259215
333.4,50.14375,50.143750000660106,0.04984468190854873,7.852094380259215
333.5,50.14375,50.143750000660106,0.04984468190854873,7.852094380259215
333.6,50.14375,50.143750000660106,0.04984468190854873,7.852094380259215
333.7,50.14375,50.143750000660106,0.04984468190854873,7.852094380259215
333.8,50.14375,50.143750000660106,0.04984468190854873,7.852094380259215
333.9,50.14375,50.143750000660106,0.04984468190854873,7.852094380259215
334.0,50.14375,50.143750000660106,0.04984468190854873,7.852094380259215
334.1,50.14375,50.143750000660106,0.04984468190854873,7.852094380259215
334.2,50.14375,50.143750000660106,0.04984468190854873,7.852094380259215
334.3,50.14375,50.143750000660106,0.04984468190854873,7.852094380259215
334.4,50.14375,50.143750000660106,0.04984468190854873,7.852094380259215
334.5,50.14375,50.143750000660106,0.04984468190854873,7.852094380259215
334.6,50.14375,50.143750000660106,0.04984468190854873,7.852094380259215
334.7,50.14375,50.143750000660106,0.04984468190854873,7.852094380259215
334.8,50.14375,50.143750000660106,0.04984468190854873,7.852094380259215
334.9,50.14375,50.143750000660106,0.04984468190854873,7.852094380259215
335.0,50.14375,50.143750000660106,0.04984468190854873,7.852094380259215
335.1,50.14375,50.143750000660106,0.04984468190854873,7.852094380259215
335.2,50.14375,50.143750000660106,0.04984468190854873,7.852094380259215
335.3,50.14375,50.143750000660106,0.04984468190854873,7.852094380259215
335.4,50.14375,50.143750000660106,0.04984468190854873,7.852094380259215
335.5,50.14375,50.143750000660106,0.04984468190854873,7.852094380259215
335.6,50.14375,50.143750000660106,0.04984468190854873,7.852094380259215
335.7,50.14375,50.143750000660106,0.04984468190854873,7.852094380259215
335.8,50.14375,50.143750000660106,0.04984468190854873,7.852094380259215
335.9,50.14375,50.143750000660106,0.04984468190854873,7.852094380259215
336.0,50.14375,50.143750000660106,0.04984468190854873,7.852094380259215
336.1,50.14340339899063,50.14340221331503,0.039844665150792685,6.2767358396070945
336.2,50.14124183654785,50.14123971504079,0.0150346333726867,2.368305819858713
336.3,50.13612984418869,50.13612732068793,-0.01768034857212785,-2.784783776946619
336.4,50.12757568359375,50.12757320504417,-0.052441533513231844,-8.258514498828568
336.5,50.11562405824661,50.11562198220259,-0.08445485538384541,-13.296814804346205
336.6,50.10074882507324,50.100747419683394,-0.10999115910684092,-17.31218388117618
336.7,50.08374570608139,50.08374515008401,-0.12638630776862378,-19.885966171622396
336.8,50.065625,50.06562538273075,-0.13204128989155237,-20.76822003243094
336.9,50.04750429391861,50.0475056153025,-0.12642232528511993,-19.877240102286322
337.0,50.030501174926755,50.03050334548456,-0.1100609724282782,-17.29888416378272
337.1,50.015625941753385,50.015628782598384,-0.08455423461988854,-13.28589966666398
337.2,50.00367431640625,50.003677559242526,-0.05256466671873602,-8.257445840356592
337.3,49.99512015581131,49.99512344293845,-0.01782048210018937,-2.7989617699062586
337.4,49.990008163452146,49.99001104776221,0.01488434107147852,2.337559739417739
337.5,49.987846601009366,49.98784854598683,0.03968995305334323,6.232968085955984
337.6,49.9875,49.987500379720075,0.049670525949263494,7.800277473367844
337.7,49.9875,49.987500002843326,0.04968923688799764,7.803215787165048
337.8,49.9875,49.987500000303896,0.0496893629618524,7.803235585452521
337.9,49.9875,49.98750000028675,0.049689363811334784,7.803235718852867
338.0,49.9875,49.987500000286644,0.04968936381705858,7.803235719751717
338.1,49.9875,49.987500000286644,0.049689363817097154,7.803235719757774
338.2,49.9875,49.987500000286644,0.049689363817097376,7.80323571975781
338.3,49.9875,49.987500000286644,0.049689363817097376,7.80323571975781
338.4,49.9875,49.987500000286644,0.049689363817097376,7.80323571975781
338.5,49.9875,49.987500000286644,0.049689363817097376,7.80323571975781
338.6,49.9875,49.987500000286644,0.049689363817097376,7.80323571975781
338.7,49.9875,49.987500000286644,0.049689363817097376,7.80323571975781
338.8,49.9875,49.987500000286644,0.049689363817097376,7.80323571975781
338.9,49.9875,49.987500000286644,0.049689363817097376,7.80323571975781
339.0,49.9875,49.987500000286644,0.049689363817097376,7.80323571975781
339.1,49.9875,49.987500000286644,0.049689363817097376,7.80323571975781
339.2,49.9875,49.987500000286644,0.049689363817097376,7.80323571975781
339.3,49.9875,49.987500000286644,0.049689363817097376,7.80323571975781
339.4,49.9875,49.987500000286644,0.049689363817097376,7.80323571975781
339.5,49.9875,49.987500000286644,0.049689363817097376,7.80323571975781
339.6,49.9875,49.987500000286644,0.049689363817097376,7.80323571975781
339.7,49.9875,49.987500000286644,0.049689363817097376,7.80323571975781
339.8,49.9875,49.987500000286644,0.049689363817097376,7.80323571975781
339.9,49.9875,49.987500000286644,0.049689363817097376,7.80323571975781
340.0,49.9875,49.987500000286644,0.049689363817097376,7.80323571975781
340.1,49.9875,49.987500000286644,0.049689363817097376,7.80323571975781
340.2,49.9875,49.987500000286644,0.049689363817097376,7.80323571975781
340.3,49.9875,49.987500000286644,0.049689363817097376,7.80323571975781
340.4,49.9875,49.987500000286644,0.049689363817097376,7.80323571975781
340.5,49.9875,49.987500000286644,0.049689363817097376,7.80323571975781
340.6,49.9875,49.987500000286644,0.049689363817097376,7.80323571975781
340.7,49.9875,49.987500000286644,0.049689363817097376,7.80323571975781
340.8,49.9875,49.987500000286644,0.049689363817097376,7.80323571975781
340.9,49.9875,49.987500000286644,0.049689363817097376,7.80323571975781
341.0,49.9875,49.987500000286644,0.049689363817097376,7.80323571975781
341.1,49.9875,49.987500000286644,0.049689363817097376,7.80323571975781
341.2,49.9875,49.987500000286644,0.049689363817097376,7.80323571975781
341.3,49.9875,49.987500000286644,0.049689363817097376,7.80323571975781
341.4,49.9875,49.987500000286644,0.049689363817097376,7.80323571975781
341.5,49.9875,49.987500000286644,0.049689363817097376,7.80323571975781
341.6,49.9875,49.987500000286644,0.049689363817097376,7.80323571975781
341.7,49.9875,49.987500000286644,0.049689363817097376,7.80323571975781
341.8,49.9875,49.987500000286644,0.049689363817097376,7.80323571975781
341.9,49.9875,49.987500000286644,0.049689363817097376,7.80323571975781
342.0,49.9875,49.987500000286644,0.049689363817097376,7.80323571975781
342.1,49.9875,49.987500000286644,0.049689363817097376,7.80323571975781
342.2,49.9875,49.987500000286644,0.049689363817097376,7.80323571975781
342.3,49.9875,49.987500000286644,0.049689363817097376,7.80323571975781
342.4,49.9875,49.987500000286644,0.049689363817097376,7.80323571975781
342.5,49.9875,49.987500000286644,0.049689363817097376,7.80323571975781
342.6,49.9875,49.987500000286644,0.049689363817097376,7.80323571975781
342.7,49.9875,49.987500000286644,0.049689363817097376,7.80323571975781
342.8,49.9875,49.987500000286644,0.049689363817097376,7.80323571975781
342.9,49.9875,49.987500000286644,0.049689363817097376,7.80323571975781
343.0,49.9875,49.987500000286644,0.049689363817097376,7.80323571975781
343.1,49.9875,49.987500000286644,0.049689363817097376,7.80323571975781
343.2,49.9875,49.987500000286644,0.049689363817097376,7.80323571975781
343.3,49.9875,49.987500000286644,0.049689363817097376,7.80323571975781
343.4,49.9875,49.987500000286644,0.049689363817097376,7.80323571975781
343.5,49.9875,49.987500000286644,0.049689363817097376,7.80323571975781
343.6,49.9875,49.987500000286644,0.049689363817097376,7.80323571975781
343.7,49.9875,49.987500000286644,0.049689363817097376,7.80323571975781
343.8,49.9875,49.987500000286644,0.049689363817097376,7.80323571975781
343.9,49.9875,49.987500000286644,0.049689363817097376,7.80323571975781
344.0,49.9875,49.987500000286644,0.049689363817097376,7.80323571975781
344.1,49.987846601009366,49.98784778763165,0.05968938057485342,9.373707196109486
344.2,49.990008163452146,49.990010285905825,0.08449941235295942,13.270484757229461
344.3,49.99512015581131,49.995122680258554,0.11721439429777394,18.410197977406785
344.4,50.00367431640625,50.00367679590225,0.15197557923887797,23.874023632250815
344.5,50.015625941753385,50.0156280187437,0.18398890110949154,28.90994228233417
344.6,50.030501174926755,50.03050258126277,0.20952520483248702,32.932220318029074
344.7,50.04750429391861,50.04750485086208,0.2259203534942699,35.52120269643301
344.8,50.065625,50.065624618215246,0.23157533561719848,36.42351157498629
344.9,50.08374570608139,50.08374438564339,0.22595637101076602,35.552590790336225
345.0,50.10074882507324,50.10074665546121,0.20959501815392428,32.98944632437021
345.1,50.11562405824661,50.11562121834729,0.18408828034553462,28.98338672147576
345.2,50.12757568359375,50.12757244170302,0.15209871244438214,23.952568101963582
345.3,50.13612984418869,50.136126558006964,0.11735452782583548,18.484193280236404
345.4,50.14124183654785,50.14123895318311,0.0846497046541676,13.334304879020545
345.5,50.14340339899063,50.143401454958415,0.05984409267230287,9.427248394799706
345.6,50.14375,50.14374962122508,0.04986351977638261,7.855061873435649
345.7,50.14375,50.14374999810176,0.04984480883764847,7.852114375156644
345.8,50.14375,50.14375000064106,0.04984468276379371,7.852094514984032
345.9,50.14375,50.14375000065811,0.04984468191431132,7.85209438116669
346.0,50.14375,50.14375000065818,0.049844681908587526,7.852094380265025
346.1,50.14375,50.14375000065818,0.04984468190854895,7.852094380258949
346.2,50.14375,50.14375000065818,0.04984468190854873,7.852094380258914
346.3,50.14375,50.14375000065818,0.04984468190854873,7.852094380258914
346.4,50.14375,50.14375000065818,0.04984468190854873,7.852094380258914
346.5,50.14375,50.14375000065818,0.04984468190854873,7.852094380258914
346.6,50.14375,50.14375000065818,0.04984468190854873,7.852094380258914
346.7,50.14375,50.14375000065818,0.04984468190854873,7.852094380258914
346.8,50.14375,50.14375000065818,0.04984468190854873,7.852094380258914
346.9,50.14375,50.14375000065818,0.04984468190854873,7.852094380258914
347.0,50.14375,50.14375000065818,0.04984468190854873,7.852094380258914
347.1,50.14375,50.14375000065818,0.04984468190854873,7.852094380258914
347.2,50.14375,50.14375000065818,0.04984468190854873,7.852094380258914
347.3,50.14375,50.14375000065818,0.04984468190854873,7.852094380258914
347.4,50.14375,50.14375000065818,0.04984468190854873,7.852094380258914
347.5,50.14375,50.14375000065818,0.04984468190854873,7.852094380258914
347.6,50.14375,50.14375000065818,0.04984468190854873,7.852094380258914
347.7,50.14375,50.14375000065818,0.04984468190854873,7.852094380258914
347.8,50.14375,50.14375000065818,0.04984468190854873,7.852094380258914
347.9,50.14375,50.14375000065818,0.04984468190854873,7.852094380258914
348.0,50.14375,50.14375000065818,0.04984468190854873,7.852094380258914
348.1,50.14375,50.14375000065818,0.04984468190854873,7.852094380258914
348.2,50.14375,50.14375000065818,0.04984468190854873,7.852094380258914
348.3,50.14375,50.14375000065818,0.04984468190854873,7.852094380258914
348.4,50.14375,50.14375000065818,0.04984468190854873,7.852094380258914
348.5,50.14375,50.14375000065818,0.04984468190854873,7.852094380258914
348.6,50.14375,50.14375000065818,0.04984468190854873,7.852094380258914
348.7,50.14375,50.14375000065818,0.04984468190854873,7.852094380258914
348.8,50.14375,50.14375000065818,0.04984468190854873,7.852094380258914
348.9,50.14375,50.14375000065818,0.04984468190854873,7.852094380258914
349.0,50.14375,50.14375000065818,0.04984468190854873,7.852094380258914
349.1,50.14375,50.14375000065818,0.04984468190854873,7.852094380258914
349.2,50.14375,50.14375000065818,0.04984468190854873,7.852094380258914
349.3,50.14375,50.14375000065818,0.04984468190854873,7.852094380258914
349.4,50.14375,50.14375000065818,0.04984468190854873,7.852094380258914
349.5,50.14375,50.14375000065818,0.04984468190854873,7.852094380258914
349.6,50.14375,50.14375000065818,0.04984468190854873,7.852094380258914
349.7,50.14375,50.14375000065818,0.04984468190854873,7.852094380258914
349.8,50.14375,50.14375000065818,0.04984468190854873,7.852094380258914
349.9,50.14375,50.14375000065818,0.04984468190854873,7.852094380258914
350.0,50.14375,50.14375000065818,0.04984468190854873,7.852094380258914
350.1,50.14375,50.14375000065818,0.04984468190854873,7.852094380258914
350.2,50.14375,50.14375000065818,0.04984468190854873,7.852094380258914
350.3,50.14375,50.14375000065818,0.04984468190854873,7.852094380258914
350.4,50.14375,50.14375000065818,0.04984468190854873,7.852094380258914
350.5,50.14375,50.14375000065818,0.04984468190854873,7.852094380258914
350.6,50.14375,50.14375000065818,0.04984468190854873,7.852094380258914
350.7,50.14375,50.14375000065818,0.04984468190854873,7.852094380258914
350.8,50.14375,50.14375000065818,0.04984468190854873,7.852094380258914
350.9,50.14375,50.14375000065818,0.04984468190854873,7.852094380258914
351.0,50.14375,50.14375000065818,0.04984468190854873,7.852094380258914
351.1,50.14375,50.14375000065818,0.04984468190854873,7.852094380258914
351.2,50.14375,50.14375000065818,0.04984468190854873,7.852094380258914
351.3,50.14375,50.14375000065818,0.04984468190854873,7.852094380258914
351.4,50.14375,50.14375000065818,0.04984468190854873,7.852094380258914
351.5,50.14375,50.14375000065818,0.04984468190854873,7.852094380258914
351.6,50.14375,50.14375000065818,0.04984468190854873,7.852094380258914
351.7,50.14375,50.14375000065818,0.04984468190854873,7.852094380258914
351.8,50.14375,50.14375000065818,0.04984468190854873,7.852094380258914
351.9,50.14375,50.14375000065818,0.04984468190854873,7.852094380258914
352.0,50.14375,50.14375000065818,0.04984468190854873,7.852094380258914
352.1,50.14305679798126,50.14305442596809,0.02984464839303666,4.701399151114788
352.2,50.1387336730957,50.13872942941972,-0.019775415163175294,-3.114933695927981
352.3,50.12850968837738,50.12850464071408,-0.0852053790528044,-13.418427842345196
352.4,50.1114013671875,50.11139640942657,-0.1547277489350124,-24.35872682240139
352.5,50.08749811649322,50.08749396374345,-0.2187543926762395,-34.4219887546536
352.6,50.05774765014648,50.057744838705204,-0.2698270001222305,-42.43327558765502
352.7,50.02374141216278,50.02374029950647,-0.30261729744579624,-47.55758383459813
352.8,49.9875,49.98750076480003,-0.3139272616916534,-49.29925181413423
352.9,49.951258587837216,49.951261229943526,-0.30268933247878854,-47.49998216968712
353.0,49.91725234985351,49.91725669030775,-0.2699666267651051,-42.336081884271984
353.1,49.88750188350677,49.88750756453545,-0.21895315114832578,-34.31570132849744
353.2,49.8635986328125,49.86360511782387,-0.15497401534602076,-24.27685547999504
353.3,49.84649031162262,49.84649688521579,-0.08548564610892743,-13.386828928206572
353.4,49.836266326904294,49.836272094863396,-0.02007599976559166,-3.1432042494487527
353.5,49.831943202018735,49.83194709131263,0.02953522419813779,4.623788934792461
353.6,49.83125,49.831250758779184,0.049496369989978285,7.748631543274764
353.7,49.83125,49.83125000502575,0.04953379186744656,7.754489801860688
353.8,49.83125,49.83124999994697,0.04953404401515609,7.754529274665412
353.9,49.83125,49.831249999912764,0.04953404571412088,7.754529540632158
354.0,49.83125,49.83124999991257,0.04953404572556847,7.754529542424244
354.1,49.83125,49.83124999991257,0.0495340457256456,7.754529542436318
354.2,49.83125,49.83124999991257,0.049534045725646084,7.754529542436393
354.3,49.83125,49.83124999991257,0.049534045725646084,7.754529542436393
354.4,49.83125,49.83124999991257,0.049534045725646084,7.754529542436393
354.5,49.83125,49.83124999991257,0.049534045725646084,7.754529542436393
354.6,49.83125,49.83124999991257,0.049534045725646084,7.754529542436393
354.7,49.83125,49.83124999991257,0.049534045725646084,7.754529542436393
354.8,49.83125,49.83124999991257,0.049534045725646084,7.754529542436393
354.9,49.83125,49.83124999991257,0.049534045725646084,7.754529542436393
355.0,49.83125,49.83124999991257,0.049534045725646084,7.754529542436393
355.1,49.83125,49.83124999991257,0.049534045725646084,7.754529542436393
355.2,49.83125,49.83124999991257,0.049534045725646084,7.754529542436393
355.3,49.83125,49.83124999991257,0.049534045725646084,7.754529542436393
355.4,49.83125,49.83124999991257,0.049534045725646084,7.754529542436393
355.5,49.83125,49.83124999991257,0.049534045725646084,7.754529542436393
355.6,49.83125,49.83124999991257,0.049534045725646084,7.754529542436393
355.7,49.83125,49.83124999991257,0.049534045725646084,7.754529542436393
355.8,49.83125,49.83124999991257,0.049534045725646084,7.754529542436393
355.9,49.83125,49.83124999991257,0.049534045725646084,7.754529542436393
356.0,49.83125,49.83124999991257,0.049534045725646084,7.754529542436393
356.1,49.83125,49.83124999991257,0.049534045725646084,7.754529542436393
356.2,49.83125,49.83124999991257,0.049534045725646084,7.754529542436393
356.3,49.83125,49.83124999991257,0.049534045725646084,7.754529542436393
356.4,49.83125,49.83124999991257,0.049534045725646084,7.754529542436393
356.5,49.83125,49.83124999991257,0.049534045725646084,7.754529542436393
356.6,49.83125,49.83124999991257,0.049534045725646084,7.754529542436393
356.7,49.83125,49.83124999991257,0.049534045725646084,7.754529542436393
356.8,49.83125,49.83124999991257,0.049534045725646084,7.754529542436393
356.9,49.83125,49.83124999991257,0.049534045725646084,7.754529542436393
357.0,49.83125,49.83124999991257,0.049534045725646084,7.754529542436393
357.1,49.83125,49.83124999991257,0.049534045725646084,7.754529542436393
357.2,49.83125,49.83124999991257,0.049534045725646084,7.754529542436393
357.3,49.83125,49.83124999991257,0.049534045725646084,7.754529542436393
357.4,49.83125,49.83124999991257,0.049534045725646084,7.754529542436393
357.5,49.83125,49.83124999991257,0.049534045725646084,7.754529542436393
357.6,49.83125,49.83124999991257,0.049534045725646084,7.754529542436393
357.7,49.83125,49.83124999991257,0.049534045725646084,7.754529542436393
357.8,49.83125,49.83124999991257,0.049534045725646084,7.754529542436393
357.9,49.83125,49.83124999991257,0.049534045725646084,7.754529542436393
358.0,49.83125,49.83124999991257,0.049534045725646084,7.754529542436393
358.1,49.83125,49.83124999991257,0.049534045725646084,7.754529542436393
358.2,49.83125,49.83124999991257,0.049534045725646084,7.754529542436393
358.3,49.83125,49.83124999991257,0.049534045725646084,7.754529542436393
358.4,49.83125,49.83124999991257,0.049534045725646084,7.754529542436393
358.5,49.83125,49.83124999991257,0.049534045725646084,7.754529542436393
358.6,49.83125,49.83124999991257,0.049534045725646084,7.754529542436393
358.7,49.83125,49.83124999991257,0.049534045725646084,7.754529542436393
358.8,49.83125,49.83124999991257,0.049534045725646084,7.754529542436393
358.9,49.83125,49.83124999991257,0.049534045725646084,7.754529542436393
359.0,49.83125,49.83124999991257,0.049534045725646084,7.754529542436393
359.1,49.83125,49.83124999991257,0.049534045725646084,7.754529542436393
359.2,49.83125,49.83124999991257,0.049534045725646084,7.754529542436393
359.3,49.83125,49.83124999991257,0.049534045725646084,7.754529542436393
359.4,49.83125,49.83124999991257,0.049534045725646084,7.754529542436393
359.5,49.83125,49.83124999991257,0.049534045725646084,7.754529542436393
359.6,49.83125,49.83124999991257,0.049534045725646084,7.754529542436393
359.7,49.83125,49.83124999991257,0.049534045725646084,7.754529542436393
359.8,49.83125,49.83124999991257,0.049534045725646084,7.754529542436393
359.9,49.83125,49.83124999991257,0.049534045725646084,7.754529542436393
360.0,49.83125,49.83124999991257,0.049534045725646084,7.754529542436393
360.1,49.831596601009366,49.83159778725761,0.05953406248340213,9.32009210232764
360.2,49.833758163452146,49.833760285531795,0.08434409426150812,13.20469001236548
360.3,49.83887015581131,49.83887267988457,0.11705907620632265,18.32834180872171
360.4,49.84742431640625,49.847426795528285,0.15182026114742667,23.775099932820485
360.5,49.859375941753385,49.85937801836978,0.18383358301804023,28.79529824868689
360.6,49.874251174926755,49.87425258088888,0.2093698867410357,32.80503392258842
360.7,49.89125429391861,49.89125485048822,0.2257650354028186,35.38596005500095
360.8,49.909375,49.90937461784142,0.23142001752574717,36.28548420921809
360.9,49.92749570608139,49.92749438526961,0.22580105291931474,35.41731278590474
361.0,49.94449882507324,49.94449665508748,0.20943970006247298,32.86219138406823
361.1,49.95937405824661,49.959371217973576,0.18393296225408334,28.868645113860786
361.2,49.97132568359375,49.971322441329356,0.15194339435293083,23.85352350525586
361.3,49.97987984418869,49.979876557633396,0.11719920973438419,18.402199521363766
361.4,49.98499183654785,49.98498895280957,0.0844943865627163,13.268362568145918
361.5,49.98715339899063,49.9871514545849,0.059688774580851575,9.373481455077542
361.6,49.9875,49.987499620851594,0.04970820168493132,7.806193966102621
361.7,49.9875,49.9874999977283,0.04968949074619718,7.8032556523503205
361.8,49.9875,49.987500000267644,0.049689364672342425,7.803235854062836
361.9,49.9875,49.987500000284726,0.04968936382286004,7.803235720662481
362.0,49.9875,49.98750000028481,0.04968936381713624,7.803235719763626
362.1,49.9875,49.98750000028481,0.04968936381709767,7.803235719757568
362.2,49.9875,49.98750000028481,0.049689363817097446,7.8032357197575335
362.3,49.9875,49.98750000028481,0.049689363817097446,7.8032357197575335
362.4,49.9875,49.98750000028481,0.049689363817097446,7.8032357197575335
362.5,49.9875,49.98750000028481,0.049689363817097446,7.8032357197575335
362.6,49.9875,49.98750000028481,0.049689363817097446,7.8032357197575335
362.7,49.9875,49.98750000028481,0.049689363817097446,7.8032357197575335
362.8,49.9875,49.98750000028481,0.049689363817097446,7.8032357197575335
362.9,49.9875,49.98750000028481,0.049689363817097446,7.8032357197575335
363.0,49.9875,49.98750000028481,0.049689363817097446,7.8032357197575335
363.1,49.9875,49.98750000028481,0.049689363817097446,7.8032357197575335
363.2,49.9875,49.98750000028481,0.049689363817097446,7.8032357197575335
363.3,49.9875,49.98750000028481,0.049689363817097446,7.8032357197575335
363.4,49.9875,49.98750000028481,0.049689363817097446,7.8032357197575335
363.5,49.9875,49.98750000028481,0.049689363817097446,7.8032357197575335
363.6,49.9875,49.98750000028481,0.049689363817097446,7.8032357197575335
363.7,49.9875,49.98750000028481,0.049689363817097446,7.8032357197575335
363.8,49.9875,49.98750000028481,0.049689363817097446,7.8032357197575335
363.9,49.9875,49.98750000028481,0.049689363817097446,7.8032357197575335
364.0,49.9875,49.98750000028481,0.049689363817097446,7.8032357197575335
364.1,49.9875,49.98750000028481,0.049689363817097446,7.8032357197575335
364.2,49.9875,49.98750000028481,0.049689363817097446,7.8032357197575335
364.3,49.9875,49.98750000028481,0.049689363817097446,7.8032357197575335
364.4,49.9875,49.98750000028481,0.049689363817097446,7.8032357197575335
364.5,49.9875,49.98750000028481,0.049689363817097446,7.8032357197575335
364.6,49.9875,49.98750000028481,0.049689363817097446,7.8032357197575335
364.7,49.9875,49.98750000028481,0.049689363817097446,7.8032357197575335
364.8,49.9875,49.98750000028481,0.049689363817097446,7.8032357197575335
364.9,49.9875,49.98750000028481,0.049689363817097446,7.8032357197575335
365.0,49.9875,49.98750000028481,0.049689363817097446,7.8032357197575335
365.1,49.9875,49.98750000028481,0.049689363817097446,7.8032357197575335
365.2,49.9875,49.98750000028481,0.049689363817097446,7.8032357197575335
365.3,49.9875,49.98750000028481,0.049689363817097446,7.8032357197575335
365.4,49.9875,49.98750000028481,0.049689363817097446,7.8032357197575335
365.5,49.9875,49.98750000028481,0.049689363817097446,7.8032357197575335
365.6,49.9875,49.98750000028481,0.049689363817097446,7.8032357197575335
365.7,49.9875,49.98750000028481,0.049689363817097446,7.8032357197575335
365.8,49.9875,49.98750000028481,0.049689363817097446,7.8032357197575335
365.9,49.9875,49.98750000028481,0.049689363817097446,7.8032357197575335
366.0,49.9875,49.98750000028481,0.049689363817097446,7.8032357197575335
366.1,49.9875,49.98750000028481,0.049689363817097446,7.8032357197575335
366.2,49.9875,49.98750000028481,0.049689363817097446,7.8032357197575335
366.3,49.9875,49.98750000028481,0.049689363817097446,7.8032357197575335
366.4,49.9875,49.98750000028481,0.049689363817097446,7.8032357197575335
366.5,49.9875,49.98750000028481,0.049689363817097446,7.8032357197575335
366.6,49.9875,49.98750000028481,0.049689363817097446,7.8032357197575335
366.7,49.9875,49.98750000028481,0.049689363817097446,7.8032357197575335
366.8,49.9875,49.98750000028481,0.049689363817097446,7.8032357197575335
366.9,49.9875,49.98750000028481,0.049689363817097446,7.8032357197575335
367.0,49.9875,49.98750000028481,0.049689363817097446,7.8032357197575335
367.1,49.9875,49.98750000028481,0.049689363817097446,7.8032357197575335
367.2,49.9875,49.98750000028481,0.049689363817097446,7.8032357197575335
367.3,49.9875,49.98750000028481,0.049689363817097446,7.8032357197575335
367.4,49.9875,49.98750000028481,0.049689363817097446,7.8032357197575335
367.5,49.9875,49.98750000028481,0.049689363817097446,7.8032357197575335
367.6,49.9875,49.98750000028481,0.049689363817097446,7.8032357197575335
367.7,49.9875,49.98750000028481,0.049689363817097446,7.8032357197575335
367.8,49.9875,49.98750000028481,0.049689363817097446,7.8032357197575335
367.9,49.9875,49.98750000028481,0.049689363817097446,7.8032357197575335
368.0,49.9875,49.98750000028481,0.049689363817097446,7.8032357197575335
368.1,49.9875,49.98750000028481,0.049689363817097446,7.8032357197575335
368.2,49.9875,49.98750000028481,0.049689363817097446,7.8032357197575335
368.3,49.9875,49.98750000028481,0.049689363817097446,7.8032357197575335
368.4,49.9875,49.98750000028481,0.049689363817097446,7.8032357197575335
368.5,49.9875,49.98750000028481,0.049689363817097446,7.8032357197575335
368.6,49.9875,49.98750000028481,0.049689363817097446,7.8032357197575335
368.7,49.9875,49.98750000028481,0.049689363817097446,7.8032357197575335
368.8,49.9875,49.98750000028481,0.049689363817097446,7.8032357197575335
368.9,49.9875,49.98750000028481,0.049689363817097446,7.8032357197575335
369.0,49.9875,49.98750000028481,0.049689363817097446,7.8032357197575335
369.1,49.9875,49.98750000028481,0.049689363817097446,7.8032357197575335
369.2,49.9875,49.98750000028481,0.049689363817097446,7.8032357197575335
369.3,49.9875,49.98750000028481,0.049689363817097446,7.8032357197575335
369.4,49.9875,49.98750000028481,0.049689363817097446,7.8032357197575335
369.5,49.9875,49.98750000028481,0.049689363817097446,7.8032357197575335
369.6,49.9875,49.98750000028481,0.049689363817097446,7.8032357197575335
369.7,49.9875,49.98750000028481,0.049689363817097446,7.8032357197575335
369.8,49.9875,49.98750000028481,0.049689363817097446,7.8032357197575335
369.9,49.9875,49.98750000028481,0.049689363817097446,7.8032357197575335
370.0,49.9875,49.98750000028481,0.049689363817097446,7.8032357197575335
370.1,49.9875,49.98750000028481,0.049689363817097446,7.8032357197575335
370.2,49.9875,49.98750000028481,0.049689363817097446,7.8032357197575335
370.3,49.9875,49.98750000028481,0.049689363817097446,7.8032357197575335
370.4,49.9875,49.98750000028481,0.049689363817097446,7.8032357197575335
370.5,49.9875,49.98750000028481,0.049689363817097446,7.8032357197575335
370.6,49.9875,49.98750000028481,0.049689363817097446,7.8032357197575335
370.7,49.9875,49.98750000028481,0.049689363817097446,7.8032357197575335
370.8,49.9875,49.98750000028481,0.049689363817097446,7.8032357197575335
370.9,49.9875,49.98750000028481,0.049689363817097446,7.8032357197575335
371.0,49.9875,49.98750000028481,0.049689363817097446,7.8032357197575335
371.1,49.9875,49.98750000028481,0.049689363817097446,7.8032357197575335
371.2,49.9875,49.98750000028481,0.049689363817097446,7.8032357197575335
371.3,49.9875,49.98750000028481,0.049689363817097446,7.8032357197575335
371.4,49.9875,49.98750000028481,0.049689363817097446,7.8032357197575335
371.5,49.9875,49.98750000028481,0.049689363817097446,7.8032357197575335
371.6,49.9875,49.98750000028481,0.049689363817097446,7.8032357197575335
371.7,49.9875,49.98750000028481,0.049689363817097446,7.8032357197575335
371.8,49.9875,49.98750000028481,0.049689363817097446,7.8032357197575335
371.9,49.9875,49.98750000028481,0.049689363817097446,7.8032357197575335
372.0,49.9875,49.98750000028481,0.049689363817097446,7.8032357197575335
372.1,49.9875,49.98750000028481,0.049689363817097446,7.8032357197575335
372.2,49.9875,49.98750000028481,0.049689363817097446,7.8032357197575335
372.3,49.9875,49.98750000028481,0.049689363817097446,7.8032357197575335
372.4,49.9875,49.98750000028481,0.049689363817097446,7.8032357197575335
372.5,49.9875,49.98750000028481,0.049689363817097446,7.8032357197575335
372.6,49.9875,49.98750000028481,0.049689363817097446,7.8032357197575335
372.7,49.9875,49.98750000028481,0.049689363817097446,7.8032357197575335
372.8,49.9875,49.98750000028481,0.049689363817097446,7.8032357197575335
372.9,49.9875,49.98750000028481,0.049689363817097446,7.8032357197575335
373.0,49.9875,49.98750000028481,0.049689363817097446,7.8032357197575335
373.1,49.9875,49.98750000028481,0.049689363817097446,7.8032357197575335
373.2,49.9875,49.98750000028481,0.049689363817097446,7.8032357197575335
373.3,49.9875,49.98750000028481,0.049689363817097446,7.8032357197575335
373.4,49.9875,49.98750000028481,0.049689363817097446,7.8032357197575335
373.5,49.9875,49.98750000028481,0.049689363817097446,7.8032357197575335
373.6,49.9875,49.98750000028481,0.049689363817097446,7.8032357197575335
373.7,49.9875,49.98750000028481,0.049689363817097446,7.8032357197575335
373.8,49.9875,49.98750000028481,0.049689363817097446,7.8032357197575335
373.9,49.9875,49.98750000028481,0.049689363817097446,7.8032357197575335
374.0,49.9875,49.98750000028481,0.049689363817097446,7.8032357197575335
374.1,49.9875,49.98750000028481,0.049689363817097446,7.8032357197575335
374.2,49.9875,49.98750000028481,0.049689363817097446,7.8032357197575335
374.3,49.9875,49.98750000028481,0.049689363817097446,7.8032357197575335
374.4,49.9875,49.98750000028481,0.049689363817097446,7.8032357197575335
374.5,49.9875,49.98750000028481,0.049689363817097446,7.8032357197575335
374.6,49.9875,49.98750000028481,0.049689363817097446,7.8032357197575335
374.7,49.9875,49.98750000028481,0.049689363817097446,7.8032357197575335
374.8,49.9875,49.98750000028481,0.049689363817097446,7.8032357197575335
374.9,49.9875,49.98750000028481,0.049689363817097446,7.8032357197575335
375.0,49.9875,49.98750000028481,0.049689363817097446,7.8032357197575335
375.1,49.9875,49.98750000028481,0.049689363817097446,7.8032357197575335
375.2,49.9875,49.98750000028481,0.049689363817097446,7.8032357197575335
375.3,49.9875,49.98750000028481,0.049689363817097446,7.8032357197575335
375.4,49.9875,49.98750000028481,0.049689363817097446,7.8032357197575335
375.5,49.9875,49.98750000028481,0.049689363817097446,7.8032357197575335
375.6,49.9875,49.98750000028481,0.049689363817097446,7.8032357197575335
375.7,49.9875,49.98750000028481,0.049689363817097446,7.8032357197575335
375.8,49.9875,49.98750000028481,0.049689363817097446,7.8032357197575335
375.9,49.9875,49.98750000028481,0.049689363817097446,7.8032357197575335
376.0,49.9875,49.98750000028481,0.049689363817097446,7.8032357197575335
376.1,49.98715339899063,49.98715221293976,0.03968934705934139,6.232786095565889
376.2,49.98499183654785,49.98498971466556,0.014879315281235407,2.336535726899743
376.3,49.97987984418869,49.979877320312774,-0.017835666663579143,-2.8004924460843585
376.4,49.97132568359375,49.97132320466904,-0.05259685160468314,-8.25715563722092
376.5,49.95937405824661,49.95937198182752,-0.08461017347529669,-13.279735608521477
376.6,49.94449882507324,49.94449741930838,-0.11014647719829221,-17.282562323557997
376.7,49.92749570608139,49.92749514970903,-0.12654162586007509,-19.848288368012746
376.8,49.909375,49.90937538235581,-0.13219660798300364,-20.727757504485094
376.9,49.89125429391861,49.8912556149276,-0.1265776433765712,-19.839526935677206
377.0,49.874251174926755,49.874253345109686,-0.11021629051972948,-17.269194061303146
377.1,49.859375941753385,49.859378782223565,-0.08470955271133983,-13.268722896871502
377.2,49.84742431640625,49.84742755886778,-0.05271998481018731,-8.255966081471476
377.3,49.83887015581131,49.83887344256372,-0.017975800191640662,-2.814532848856308
377.4,49.833758163452146,49.833761047387526,0.014729022980027227,2.3059372124695705
377.5,49.831596601009366,49.83159854561217,0.03953463496189194,6.189170187855273
377.6,49.83125,49.831250379345455,0.0495152078578122,7.751580542877971
377.7,49.83125,49.83125000246875,0.049533918796546346,7.754509672148481
377.8,49.83125,49.831249999929376,0.049534044870401105,7.754529408550844
377.9,49.83125,49.831249999912295,0.04953404571988349,7.754529541534219
378.0,49.83125,49.8312499999122,0.04953404572560729,7.754529542430262
378.1,49.83125,49.8312499999122,0.04953404572564586,7.754529542436301
378.2,49.83125,49.8312499999122,0.049534045725646084,7.754529542436336
378.3,49.83125,49.8312499999122,0.049534045725646084,7.754529542436336
378.4,49.83125,49.8312499999122,0.049534045725646084,7.754529542436336
378.5,49.83125,49.8312499999122,0.049534045725646084,7.754529542436336
378.6,49.83125,49.8312499999122,0.049534045725646084,7.754529542436336
378.7,49.83125,49.8312499999122,0.049534045725646084,7.754529542436336
378.8,49.83125,49.8312499999122,0.049534045725646084,7.754529542436336
378.9,49.83125,49.8312499999122,0.049534045725646084,7.754529542436336
379.0,49.83125,49.8312499999122,0.049534045725646084,7.754529542436336
379.1,49.83125,49.8312499999122,0.049534045725646084,7.754529542436336
379.2,49.83125,49.8312499999122,0.049534045725646084,7.754529542436336
379.3,49.83125,49.8312499999122,0.049534045725646084,7.754529542436336
379.4,49.83125,49.8312499999122,0.049534045725646084,7.754529542436336
379.5,49.83125,49.8312499999122,0.049534045725646084,7.754529542436336
379.6,49.83125,49.8312499999122,0.049534045725646084,7.754529542436336
379.7,49.83125,49.8312499999122,0.049534045725646084,7.754529542436336
379.8,49.83125,49.8312499999122,0.049534045725646084,7.754529542436336
379.9,49.83125,49.8312499999122,0.049534045725646084,7.754529542436336
380.0,49.83125,49.8312499999122,0.049534045725646084,7.754529542436336
380.1,49.83125,49.8312499999122,0.049534045725646084,7.754529542436336
380.2,49.83125,49.8312499999122,0.049534045725646084,7.754529542436336
380.3,49.83125,49.8312499999122,0.049534045725646084,7.754529542436336
380.4,49.83125,49.8312499999122,0.049534045725646084,7.754529542436336
380.5,49.83125,49.8312499999122,0.049534045725646084,7.754529542436336
380.6,49.83125,49.8312499999122,0.049534045725646084,7.754529542436336
380.7,49.83125,49.8312499999122,0.049534045725646084,7.754529542436336
380.8,49.83125,49.8312499999122,0.049534045725646084,7.754529542436336
380.9,49.83125,49.8312499999122,0.049534045725646084,7.754529542436336
381.0,49.83125,49.8312499999122,0.049534045725646084,7.754529542436336
381.1,49.83125,49.8312499999122,0.049534045725646084,7.754529542436336
381.2,49.83125,49.8312499999122,0.049534045725646084,7.754529542436336
381.3,49.83125,49.8312499999122,0.049534045725646084,7.754529542436336
381.4,49.83125,49.8312499999122,0.049534045725646084,7.754529542436336
381.5,49.83125,49.8312499999122,0.049534045725646084,7.754529542436336
381.6,49.83125,49.8312499999122,0.049534045725646084,7.754529542436336
381.7,49.83125,49.8312499999122,0.049534045725646084,7.754529542436336
381.8,49.83125,49.8312499999122,0.049534045725646084,7.754529542436336
381.9,49.83125,49.8312499999122,0.049534045725646084,7.754529542436336
382.0,49.83125,49.8312499999122,0.049534045725646084,7.754529542436336
382.1,49.83125,49.8312499999122,0.049534045725646084,7.754529542436336
382.2,49.83125,49.8312499999122,0.049534045725646084,7.754529542436336
382.3,49.83125,49.8312499999122,0.049534045725646084,7.754529542436336
382.4,49.83125,49.8312499999122,0.049534045725646084,7.754529542436336
382.5,49.83125,49.8312499999122,0.049534045725646084,7.754529542436336
382.6,49.83125,49.8312499999122,0.049534045725646084,7.754529542436336
382.7,49.83125,49.8312499999122,0.049534045725646084,7.754529542436336
382.8,49.83125,49.8312499999122,0.049534045725646084,7.754529542436336
382.9,49.83125,49.8312499999122,0.049534045725646084,7.754529542436336
383.0,49.83125,49.8312499999122,0.049534045725646084,7.754529542436336
383.1,49.83125,49.8312499999122,0.049534045725646084,7.754529542436336
383.2,49.83125,49.8312499999122,0.049534045725646084,7.754529542436336
383.3,49.83125,49.8312499999122,0.049534045725646084,7.754529542436336
383.4,49.83125,49.8312499999122,0.049534045725646084,7.754529542436336
383.5,49.83125,49.8312499999122,0.049534045725646084,7.754529542436336
383.6,49.83125,49.8312499999122,0.049534045725646084,7.754529542436336
383.7,49.83125,49.8312499999122,0.049534045725646084,7.754529542436336
383.8,49.83125,49.8312499999122,0.049534045725646084,7.754529542436336
383.9,49.83125,49.8312499999122,0.049534045725646084,7.754529542436336
384.0,49.83125,49.8312499999122,0.049534045725646084,7.754529542436336
384.1,49.83125,49.8312499999122,0.049534045725646084,7.754529542436336
384.2,49.83125,49.8312499999122,0.049534045725646084,7.754529542436336
384.3,49.83125,49.8312499999122,0.049534045725646084,7.754529542436336
384.4,49.83125,49.8312499999122,0.049534045725646084,7.754529542436336
384.5,49.83125,49.8312499999122,0.049534045725646084,7.754529542436336
384.6,49.83125,49.8312499999122,0.049534045725646084,7.754529542436336
384.7,49.83125,49.8312499999122,0.049534045725646084,7.754529542436336
384.8,49.83125,49.8312499999122,0.049534045725646084,7.754529542436336
384.9,49.83125,49.8312499999122,0.049534045725646084,7.754529542436336
385.0,49.83125,49.8312499999122,0.049534045725646084,7.754529542436336
385.1,49.83125,49.8312499999122,0.049534045725646084,7.754529542436336
385.2,49.83125,49.8312499999122,0.049534045725646084,7.754529542436336
385.3,49.83125,49.8312499999122,0.049534045725646084,7.754529542436336
385.4,49.83125,49.8312499999122,0.049534045725646084,7.754529542436336
385.5,49.83125,49.8312499999122,0.049534045725646084,7.754529542436336
385.6,49.83125,49.8312499999122,0.049534045725646084,7.754529542436336
385.7,49.83125,49.8312499999122,0.049534045725646084,7.754529542436336
385.8,49.83125,49.8312499999122,0.049534045725646084,7.754529542436336
385.9,49.83125,49.8312499999122,0.049534045725646084,7.754529542436336
386.0,49.83125,49.8312499999122,0.049534045725646084,7.754529542436336
386.1,49.83125,49.8312499999122,0.049534045725646084,7.754529542436336
386.2,49.83125,49.8312499999122,0.049534045725646084,7.754529542436336
386.3,49.83125,49.8312499999122,0.049534045725646084,7.754529542436336
386.4,49.83125,49.8312499999122,0.049534045725646084,7.754529542436336
386.5,49.83125,49.8312499999122,0.049534045725646084,7.754529542436336
386.6,49.83125,49.8312499999122,0.049534045725646084,7.754529542436336
386.7,49.83125,49.8312499999122,0.049534045725646084,7.754529542436336
386.8,49.83125,49.8312499999122,0.049534045725646084,7.754529542436336
386.9,49.83125,49.8312499999122,0.049534045725646084,7.754529542436336
387.0,49.83125,49.8312499999122,0.049534045725646084,7.754529542436336
387.1,49.83125,49.8312499999122,0.049534045725646084,7.754529542436336
387.2,49.83125,49.8312499999122,0.049534045725646084,7.754529542436336
387.3,49.83125,49.8312499999122,0.049534045725646084,7.754529542436336
387.4,49.83125,49.8312499999122,0.049534045725646084,7.754529542436336
387.5,49.83125,49.8312499999122,0.049534045725646084,7.754529542436336
387.6,49.83125,49.8312499999122,0.049534045725646084,7.754529542436336
387.7,49.83125,49.8312499999122,0.049534045725646084,7.754529542436336
387.8,49.83125,49.8312499999122,0.049534045725646084,7.754529542436336
387.9,49.83125,49.8312499999122,0.049534045725646084,7.754529542436336
388.0,49.83125,49.8312499999122,0.049534045725646084,7.754529542436336
388.1,49.83125,49.8312499999122,0.049534045725646084,7.754529542436336
388.2,49.83125,49.8312499999122,0.049534045725646084,7.754529542436336
388.3,49.83125,49.8312499999122,0.049534045725646084,7.754529542436336
388.4,49.83125,49.8312499999122,0.049534045725646084,7.754529542436336
388.5,49.83125,49.8312499999122,0.049534045725646084,7.754529542436336
388.6,49.83125,49.8312499999122,0.049534045725646084,7.754529542436336
388.7,49.83125,49.8312499999122,0.049534045725646084,7.754529542436336
388.8,49.83125,49.8312499999122,0.049534045725646084,7.754529542436336
388.9,49.83125,49.8312499999122,0.049534045725646084,7.754529542436336
389.0,49.83125,49.8312499999122,0.049534045725646084,7.754529542436336
389.1,49.83125,49.8312499999122,0.049534045725646084,7.754529542436336
389.2,49.83125,49.8312499999122,0.049534045725646084,7.754529542436336
389.3,49.83125,49.8312499999122,0.049534045725646084,7.754529542436336
389.4,49.83125,49.8312499999122,0.049534045725646084,7.754529542436336
389.5,49.83125,49.8312499999122,0.049534045725646084,7.754529542436336
389.6,49.83125,49.8312499999122,0.049534045725646084,7.754529542436336
389.7,49.83125,49.8312499999122,0.049534045725646084,7.754529542436336
389.8,49.83125,49.8312499999122,0.049534045725646084,7.754529542436336
389.9,49.83125,49.8312499999122,0.049534045725646084,7.754529542436336
390.0,49.83125,49.8312499999122,0.049534045725646084,7.754529542436336
390.1,49.83125,49.8312499999122,0.049534045725646084,7.754529542436336
390.2,49.83125,49.8312499999122,0.049534045725646084,7.754529542436336
390.3,49.83125,49.8312499999122,0.049534045725646084,7.754529542436336
390.4,49.83125,49.8312499999122,0.049534045725646084,7.754529542436336
390.5,49.83125,49.8312499999122,0.049534045725646084,7.754529542436336
390.6,49.83125,49.8312499999122,0.049534045725646084,7.754529542436336
390.7,49.83125,49.8312499999122,0.049534045725646084,7.754529542436336
390.8,49.83125,49.8312499999122,0.049534045725646084,7.754529542436336
390.9,49.83125,49.8312499999122,0.049534045725646084,7.754529542436336
391.0,49.83125,49.8312499999122,0.049534045725646084,7.754529542436336
391.1,49.83125,49.8312499999122,0.049534045725646084,7.754529542436336
391.2,49.83125,49.8312499999122,0.049534045725646084,7.754529542436336
391.3,49.83125,49.8312499999122,0.049534045725646084,7.754529542436336
391.4,49.83125,49.8312499999122,0.049534045725646084,7.754529542436336
391.5,49.83125,49.8312499999122,0.049534045725646084,7.754529542436336
391.6,49.83125,49.8312499999122,0.049534045725646084,7.754529542436336
391.7,49.83125,49.8312499999122,0.049534045725646084,7.754529542436336
391.8,49.83125,49.8312499999122,0.049534045725646084,7.754529542436336
391.9,49.83125,49.8312499999122,0.049534045725646084,7.754529542436336
392.0,49.83125,49.8312499999122,0.049534045725646084,7.754529542436336
